wandb: [wandb.login()] Loaded credentials for https://api.wandb.ai from /users/bghach/.netrc.
wandb: Currently logged in as: hai-chu (hai-chu-tampere-university) to https://api.wandb.ai. Use `wandb login --relogin` to force relogin
wandb: setting up run 14gaaowm
wandb: Tracking run with wandb version 0.28.0
wandb: Run data is saved locally in /projappl/project_2019597/master-thesis/RoomFormer/wandb/run-20260706_112357-14gaaowm
wandb: Run `wandb offline` to turn off syncing.
wandb: Syncing run divine-dust-17
wandb: ⭐️ View project at https://wandb.ai/hai-chu-tampere-university/RoomFormer
wandb: 🚀 View run at https://wandb.ai/hai-chu-tampere-university/RoomFormer/runs/14gaaowm
/ROIHU_TYKKY_m7C9DRD/miniforge/envs/env1/lib/python3.11/site-packages/torchvision/models/_utils.py:208: UserWarning: The parameter 'pretrained' is deprecated since 0.13 and may be removed in the future, please use 'weights' instead.
  warnings.warn(
/ROIHU_TYKKY_m7C9DRD/miniforge/envs/env1/lib/python3.11/site-packages/torchvision/models/_utils.py:223: UserWarning: Arguments other than a weight enum or `None` for 'weights' are deprecated since 0.13 and may be removed in the future. The current behavior is equivalent to passing `weights=ResNet50_Weights.IMAGENET1K_V1`. You can also use `weights=ResNet50_Weights.DEFAULT` to get the most up-to-date weights.
  warnings.warn(msg)
/ROIHU_TYKKY_m7C9DRD/miniforge/envs/env1/lib/python3.11/site-packages/torch/utils/data/dataloader.py:424: UserWarning: This DataLoader will create 2 worker processes in total. Our suggested max number of worker in current system is 1, which is smaller than what this DataLoader is going to create. Please be aware that excessive worker creation might get DataLoader running slow or even freeze, lower the worker number to avoid potential slowness/freeze if necessary.
  self.check_worker_number_rationality()
/ROIHU_TYKKY_m7C9DRD/miniforge/envs/env1/lib/python3.11/site-packages/torch/utils/data/dataloader.py:430: UserWarning: This DataLoader will create 2 worker processes in total. Our suggested max number of worker in current system is 1, which is smaller than what this DataLoader is going to create. Please be aware that excessive worker creation might get DataLoader running slow or even freeze, lower the worker number to avoid potential slowness/freeze if necessary.
  self.check_worker_number_rationality()
git:
  sha: ace785d1d2679cd165edff2d3be74853df4c2324, status: has uncommited changes, branch: master

Namespace(lr=0.0002, lr_backbone_names=['backbone.0'], lr_backbone=2e-05, lr_linear_proj_names=['sampling_offsets'], lr_linear_proj_mult=0.1, batch_size=10, weight_decay=0.0001, epochs=3, lr_drop=[400], clip_max_norm=0.1, sgd=False, backbone='resnet50', dilation=False, position_embedding='sine', position_embedding_scale=6.283185307179586, num_feature_levels=4, enc_layers=6, dec_layers=6, dim_feedforward=1024, hidden_dim=256, dropout=0.1, nheads=8, num_queries=800, num_polys=20, dec_n_points=4, enc_n_points=4, query_pos_type='sine', with_poly_refine=True, masked_attn=False, semantic_classes=-1, aux_loss=False, set_cost_class=2, set_cost_coords=5, cls_loss_coef=2, room_cls_loss_coef=0.2, coords_loss_coef=5, raster_loss_coef=1, dataset_name='stru3d', dataset_root='data/stru3d', output_dir='output-v1/2026-07-06-11-23-56_train_stru3d', device='cuda', seed=42, resume='', start_epoch=0, num_workers=2, job_name='train_stru3d', wandb=True, dinov3_repo='dinov3', dinov3_checkpoint='checkpoints/dinov3_vits16_pretrain_lvd1689m-08c60483.pth', run_name='2026-07-06-11-23-56_train_stru3d')
bghach
wandb key already set
number of params: 86774723
loading annotations into memory...
Done (t=0.31s)
creating index...
index created!
loading annotations into memory...
Done (t=0.02s)
creating index...
index created!
transformer.level_embed
transformer.encoder.layers.0.self_attn.sampling_offsets.weight
transformer.encoder.layers.0.self_attn.sampling_offsets.bias
transformer.encoder.layers.0.self_attn.attention_weights.weight
transformer.encoder.layers.0.self_attn.attention_weights.bias
transformer.encoder.layers.0.self_attn.value_proj.weight
transformer.encoder.layers.0.self_attn.value_proj.bias
transformer.encoder.layers.0.self_attn.output_proj.weight
transformer.encoder.layers.0.self_attn.output_proj.bias
transformer.encoder.layers.0.norm1.weight
transformer.encoder.layers.0.norm1.bias
transformer.encoder.layers.0.linear1.weight
transformer.encoder.layers.0.linear1.bias
transformer.encoder.layers.0.linear2.weight
transformer.encoder.layers.0.linear2.bias
transformer.encoder.layers.0.norm2.weight
transformer.encoder.layers.0.norm2.bias
transformer.encoder.layers.1.self_attn.sampling_offsets.weight
transformer.encoder.layers.1.self_attn.sampling_offsets.bias
transformer.encoder.layers.1.self_attn.attention_weights.weight
transformer.encoder.layers.1.self_attn.attention_weights.bias
transformer.encoder.layers.1.self_attn.value_proj.weight
transformer.encoder.layers.1.self_attn.value_proj.bias
transformer.encoder.layers.1.self_attn.output_proj.weight
transformer.encoder.layers.1.self_attn.output_proj.bias
transformer.encoder.layers.1.norm1.weight
transformer.encoder.layers.1.norm1.bias
transformer.encoder.layers.1.linear1.weight
transformer.encoder.layers.1.linear1.bias
transformer.encoder.layers.1.linear2.weight
transformer.encoder.layers.1.linear2.bias
transformer.encoder.layers.1.norm2.weight
transformer.encoder.layers.1.norm2.bias
transformer.encoder.layers.2.self_attn.sampling_offsets.weight
transformer.encoder.layers.2.self_attn.sampling_offsets.bias
transformer.encoder.layers.2.self_attn.attention_weights.weight
transformer.encoder.layers.2.self_attn.attention_weights.bias
transformer.encoder.layers.2.self_attn.value_proj.weight
transformer.encoder.layers.2.self_attn.value_proj.bias
transformer.encoder.layers.2.self_attn.output_proj.weight
transformer.encoder.layers.2.self_attn.output_proj.bias
transformer.encoder.layers.2.norm1.weight
transformer.encoder.layers.2.norm1.bias
transformer.encoder.layers.2.linear1.weight
transformer.encoder.layers.2.linear1.bias
transformer.encoder.layers.2.linear2.weight
transformer.encoder.layers.2.linear2.bias
transformer.encoder.layers.2.norm2.weight
transformer.encoder.layers.2.norm2.bias
transformer.encoder.layers.3.self_attn.sampling_offsets.weight
transformer.encoder.layers.3.self_attn.sampling_offsets.bias
transformer.encoder.layers.3.self_attn.attention_weights.weight
transformer.encoder.layers.3.self_attn.attention_weights.bias
transformer.encoder.layers.3.self_attn.value_proj.weight
transformer.encoder.layers.3.self_attn.value_proj.bias
transformer.encoder.layers.3.self_attn.output_proj.weight
transformer.encoder.layers.3.self_attn.output_proj.bias
transformer.encoder.layers.3.norm1.weight
transformer.encoder.layers.3.norm1.bias
transformer.encoder.layers.3.linear1.weight
transformer.encoder.layers.3.linear1.bias
transformer.encoder.layers.3.linear2.weight
transformer.encoder.layers.3.linear2.bias
transformer.encoder.layers.3.norm2.weight
transformer.encoder.layers.3.norm2.bias
transformer.encoder.layers.4.self_attn.sampling_offsets.weight
transformer.encoder.layers.4.self_attn.sampling_offsets.bias
transformer.encoder.layers.4.self_attn.attention_weights.weight
transformer.encoder.layers.4.self_attn.attention_weights.bias
transformer.encoder.layers.4.self_attn.value_proj.weight
transformer.encoder.layers.4.self_attn.value_proj.bias
transformer.encoder.layers.4.self_attn.output_proj.weight
transformer.encoder.layers.4.self_attn.output_proj.bias
transformer.encoder.layers.4.norm1.weight
transformer.encoder.layers.4.norm1.bias
transformer.encoder.layers.4.linear1.weight
transformer.encoder.layers.4.linear1.bias
transformer.encoder.layers.4.linear2.weight
transformer.encoder.layers.4.linear2.bias
transformer.encoder.layers.4.norm2.weight
transformer.encoder.layers.4.norm2.bias
transformer.encoder.layers.5.self_attn.sampling_offsets.weight
transformer.encoder.layers.5.self_attn.sampling_offsets.bias
transformer.encoder.layers.5.self_attn.attention_weights.weight
transformer.encoder.layers.5.self_attn.attention_weights.bias
transformer.encoder.layers.5.self_attn.value_proj.weight
transformer.encoder.layers.5.self_attn.value_proj.bias
transformer.encoder.layers.5.self_attn.output_proj.weight
transformer.encoder.layers.5.self_attn.output_proj.bias
transformer.encoder.layers.5.norm1.weight
transformer.encoder.layers.5.norm1.bias
transformer.encoder.layers.5.linear1.weight
transformer.encoder.layers.5.linear1.bias
transformer.encoder.layers.5.linear2.weight
transformer.encoder.layers.5.linear2.bias
transformer.encoder.layers.5.norm2.weight
transformer.encoder.layers.5.norm2.bias
transformer.decoder.layers.0.cross_attn.sampling_offsets.weight
transformer.decoder.layers.0.cross_attn.sampling_offsets.bias
transformer.decoder.layers.0.cross_attn.attention_weights.weight
transformer.decoder.layers.0.cross_attn.attention_weights.bias
transformer.decoder.layers.0.cross_attn.value_proj.weight
transformer.decoder.layers.0.cross_attn.value_proj.bias
transformer.decoder.layers.0.cross_attn.output_proj.weight
transformer.decoder.layers.0.cross_attn.output_proj.bias
transformer.decoder.layers.0.norm1.weight
transformer.decoder.layers.0.norm1.bias
transformer.decoder.layers.0.self_attn.in_proj_weight
transformer.decoder.layers.0.self_attn.in_proj_bias
transformer.decoder.layers.0.self_attn.out_proj.weight
transformer.decoder.layers.0.self_attn.out_proj.bias
transformer.decoder.layers.0.norm2.weight
transformer.decoder.layers.0.norm2.bias
transformer.decoder.layers.0.linear1.weight
transformer.decoder.layers.0.linear1.bias
transformer.decoder.layers.0.linear2.weight
transformer.decoder.layers.0.linear2.bias
transformer.decoder.layers.0.norm3.weight
transformer.decoder.layers.0.norm3.bias
transformer.decoder.layers.1.cross_attn.sampling_offsets.weight
transformer.decoder.layers.1.cross_attn.sampling_offsets.bias
transformer.decoder.layers.1.cross_attn.attention_weights.weight
transformer.decoder.layers.1.cross_attn.attention_weights.bias
transformer.decoder.layers.1.cross_attn.value_proj.weight
transformer.decoder.layers.1.cross_attn.value_proj.bias
transformer.decoder.layers.1.cross_attn.output_proj.weight
transformer.decoder.layers.1.cross_attn.output_proj.bias
transformer.decoder.layers.1.norm1.weight
transformer.decoder.layers.1.norm1.bias
transformer.decoder.layers.1.self_attn.in_proj_weight
transformer.decoder.layers.1.self_attn.in_proj_bias
transformer.decoder.layers.1.self_attn.out_proj.weight
transformer.decoder.layers.1.self_attn.out_proj.bias
transformer.decoder.layers.1.norm2.weight
transformer.decoder.layers.1.norm2.bias
transformer.decoder.layers.1.linear1.weight
transformer.decoder.layers.1.linear1.bias
transformer.decoder.layers.1.linear2.weight
transformer.decoder.layers.1.linear2.bias
transformer.decoder.layers.1.norm3.weight
transformer.decoder.layers.1.norm3.bias
transformer.decoder.layers.2.cross_attn.sampling_offsets.weight
transformer.decoder.layers.2.cross_attn.sampling_offsets.bias
transformer.decoder.layers.2.cross_attn.attention_weights.weight
transformer.decoder.layers.2.cross_attn.attention_weights.bias
transformer.decoder.layers.2.cross_attn.value_proj.weight
transformer.decoder.layers.2.cross_attn.value_proj.bias
transformer.decoder.layers.2.cross_attn.output_proj.weight
transformer.decoder.layers.2.cross_attn.output_proj.bias
transformer.decoder.layers.2.norm1.weight
transformer.decoder.layers.2.norm1.bias
transformer.decoder.layers.2.self_attn.in_proj_weight
transformer.decoder.layers.2.self_attn.in_proj_bias
transformer.decoder.layers.2.self_attn.out_proj.weight
transformer.decoder.layers.2.self_attn.out_proj.bias
transformer.decoder.layers.2.norm2.weight
transformer.decoder.layers.2.norm2.bias
transformer.decoder.layers.2.linear1.weight
transformer.decoder.layers.2.linear1.bias
transformer.decoder.layers.2.linear2.weight
transformer.decoder.layers.2.linear2.bias
transformer.decoder.layers.2.norm3.weight
transformer.decoder.layers.2.norm3.bias
transformer.decoder.layers.3.cross_attn.sampling_offsets.weight
transformer.decoder.layers.3.cross_attn.sampling_offsets.bias
transformer.decoder.layers.3.cross_attn.attention_weights.weight
transformer.decoder.layers.3.cross_attn.attention_weights.bias
transformer.decoder.layers.3.cross_attn.value_proj.weight
transformer.decoder.layers.3.cross_attn.value_proj.bias
transformer.decoder.layers.3.cross_attn.output_proj.weight
transformer.decoder.layers.3.cross_attn.output_proj.bias
transformer.decoder.layers.3.norm1.weight
transformer.decoder.layers.3.norm1.bias
transformer.decoder.layers.3.self_attn.in_proj_weight
transformer.decoder.layers.3.self_attn.in_proj_bias
transformer.decoder.layers.3.self_attn.out_proj.weight
transformer.decoder.layers.3.self_attn.out_proj.bias
transformer.decoder.layers.3.norm2.weight
transformer.decoder.layers.3.norm2.bias
transformer.decoder.layers.3.linear1.weight
transformer.decoder.layers.3.linear1.bias
transformer.decoder.layers.3.linear2.weight
transformer.decoder.layers.3.linear2.bias
transformer.decoder.layers.3.norm3.weight
transformer.decoder.layers.3.norm3.bias
transformer.decoder.layers.4.cross_attn.sampling_offsets.weight
transformer.decoder.layers.4.cross_attn.sampling_offsets.bias
transformer.decoder.layers.4.cross_attn.attention_weights.weight
transformer.decoder.layers.4.cross_attn.attention_weights.bias
transformer.decoder.layers.4.cross_attn.value_proj.weight
transformer.decoder.layers.4.cross_attn.value_proj.bias
transformer.decoder.layers.4.cross_attn.output_proj.weight
transformer.decoder.layers.4.cross_attn.output_proj.bias
transformer.decoder.layers.4.norm1.weight
transformer.decoder.layers.4.norm1.bias
transformer.decoder.layers.4.self_attn.in_proj_weight
transformer.decoder.layers.4.self_attn.in_proj_bias
transformer.decoder.layers.4.self_attn.out_proj.weight
transformer.decoder.layers.4.self_attn.out_proj.bias
transformer.decoder.layers.4.norm2.weight
transformer.decoder.layers.4.norm2.bias
transformer.decoder.layers.4.linear1.weight
transformer.decoder.layers.4.linear1.bias
transformer.decoder.layers.4.linear2.weight
transformer.decoder.layers.4.linear2.bias
transformer.decoder.layers.4.norm3.weight
transformer.decoder.layers.4.norm3.bias
transformer.decoder.layers.5.cross_attn.sampling_offsets.weight
transformer.decoder.layers.5.cross_attn.sampling_offsets.bias
transformer.decoder.layers.5.cross_attn.attention_weights.weight
transformer.decoder.layers.5.cross_attn.attention_weights.bias
transformer.decoder.layers.5.cross_attn.value_proj.weight
transformer.decoder.layers.5.cross_attn.value_proj.bias
transformer.decoder.layers.5.cross_attn.output_proj.weight
transformer.decoder.layers.5.cross_attn.output_proj.bias
transformer.decoder.layers.5.norm1.weight
transformer.decoder.layers.5.norm1.bias
transformer.decoder.layers.5.self_attn.in_proj_weight
transformer.decoder.layers.5.self_attn.in_proj_bias
transformer.decoder.layers.5.self_attn.out_proj.weight
transformer.decoder.layers.5.self_attn.out_proj.bias
transformer.decoder.layers.5.norm2.weight
transformer.decoder.layers.5.norm2.bias
transformer.decoder.layers.5.linear1.weight
transformer.decoder.layers.5.linear1.bias
transformer.decoder.layers.5.linear2.weight
transformer.decoder.layers.5.linear2.bias
transformer.decoder.layers.5.norm3.weight
transformer.decoder.layers.5.norm3.bias
transformer.decoder.pos_trans.weight
transformer.decoder.pos_trans.bias
transformer.decoder.pos_trans_norm.weight
transformer.decoder.pos_trans_norm.bias
transformer.decoder.coords_embed.0.layers.0.weight
transformer.decoder.coords_embed.0.layers.0.bias
transformer.decoder.coords_embed.0.layers.1.weight
transformer.decoder.coords_embed.0.layers.1.bias
transformer.decoder.coords_embed.0.layers.2.weight
transformer.decoder.coords_embed.0.layers.2.bias
transformer.decoder.class_embed.0.weight
transformer.decoder.class_embed.0.bias
query_embed.weight
tgt_embed.weight
input_proj.0.0.weight
input_proj.0.0.bias
input_proj.0.1.weight
input_proj.0.1.bias
input_proj.1.0.weight
input_proj.1.0.bias
input_proj.1.1.weight
input_proj.1.1.bias
input_proj.2.0.weight
input_proj.2.0.bias
input_proj.2.1.weight
input_proj.2.1.bias
input_proj.3.0.weight
input_proj.3.0.bias
input_proj.3.1.weight
input_proj.3.1.bias
backbone.0.body.conv1.weight
backbone.0.body.layer1.0.conv1.weight
backbone.0.body.layer1.0.conv2.weight
backbone.0.body.layer1.0.conv3.weight
backbone.0.body.layer1.0.downsample.0.weight
backbone.0.body.layer1.1.conv1.weight
backbone.0.body.layer1.1.conv2.weight
backbone.0.body.layer1.1.conv3.weight
backbone.0.body.layer1.2.conv1.weight
backbone.0.body.layer1.2.conv2.weight
backbone.0.body.layer1.2.conv3.weight
backbone.0.body.layer2.0.conv1.weight
backbone.0.body.layer2.0.conv2.weight
backbone.0.body.layer2.0.conv3.weight
backbone.0.body.layer2.0.downsample.0.weight
backbone.0.body.layer2.1.conv1.weight
backbone.0.body.layer2.1.conv2.weight
backbone.0.body.layer2.1.conv3.weight
backbone.0.body.layer2.2.conv1.weight
backbone.0.body.layer2.2.conv2.weight
backbone.0.body.layer2.2.conv3.weight
backbone.0.body.layer2.3.conv1.weight
backbone.0.body.layer2.3.conv2.weight
backbone.0.body.layer2.3.conv3.weight
backbone.0.body.layer3.0.conv1.weight
backbone.0.body.layer3.0.conv2.weight
backbone.0.body.layer3.0.conv3.weight
backbone.0.body.layer3.0.downsample.0.weight
backbone.0.body.layer3.1.conv1.weight
backbone.0.body.layer3.1.conv2.weight
backbone.0.body.layer3.1.conv3.weight
backbone.0.body.layer3.2.conv1.weight
backbone.0.body.layer3.2.conv2.weight
backbone.0.body.layer3.2.conv3.weight
backbone.0.body.layer3.3.conv1.weight
backbone.0.body.layer3.3.conv2.weight
backbone.0.body.layer3.3.conv3.weight
backbone.0.body.layer3.4.conv1.weight
backbone.0.body.layer3.4.conv2.weight
backbone.0.body.layer3.4.conv3.weight
backbone.0.body.layer3.5.conv1.weight
backbone.0.body.layer3.5.conv2.weight
backbone.0.body.layer3.5.conv3.weight
backbone.0.body.layer4.0.conv1.weight
backbone.0.body.layer4.0.conv2.weight
backbone.0.body.layer4.0.conv3.weight
backbone.0.body.layer4.0.downsample.0.weight
backbone.0.body.layer4.1.conv1.weight
backbone.0.body.layer4.1.conv2.weight
backbone.0.body.layer4.1.conv3.weight
backbone.0.body.layer4.2.conv1.weight
backbone.0.body.layer4.2.conv2.weight
backbone.0.body.layer4.2.conv3.weight
dinov3_feature_extractor.backbone.cls_token
dinov3_feature_extractor.backbone.storage_tokens
dinov3_feature_extractor.backbone.mask_token
dinov3_feature_extractor.backbone.patch_embed.proj.weight
dinov3_feature_extractor.backbone.patch_embed.proj.bias
dinov3_feature_extractor.backbone.blocks.0.norm1.weight
dinov3_feature_extractor.backbone.blocks.0.norm1.bias
dinov3_feature_extractor.backbone.blocks.0.attn.qkv.weight
dinov3_feature_extractor.backbone.blocks.0.attn.qkv.bias
dinov3_feature_extractor.backbone.blocks.0.attn.proj.weight
dinov3_feature_extractor.backbone.blocks.0.attn.proj.bias
dinov3_feature_extractor.backbone.blocks.0.ls1.gamma
dinov3_feature_extractor.backbone.blocks.0.norm2.weight
dinov3_feature_extractor.backbone.blocks.0.norm2.bias
dinov3_feature_extractor.backbone.blocks.0.mlp.fc1.weight
dinov3_feature_extractor.backbone.blocks.0.mlp.fc1.bias
dinov3_feature_extractor.backbone.blocks.0.mlp.fc2.weight
dinov3_feature_extractor.backbone.blocks.0.mlp.fc2.bias
dinov3_feature_extractor.backbone.blocks.0.ls2.gamma
dinov3_feature_extractor.backbone.blocks.1.norm1.weight
dinov3_feature_extractor.backbone.blocks.1.norm1.bias
dinov3_feature_extractor.backbone.blocks.1.attn.qkv.weight
dinov3_feature_extractor.backbone.blocks.1.attn.qkv.bias
dinov3_feature_extractor.backbone.blocks.1.attn.proj.weight
dinov3_feature_extractor.backbone.blocks.1.attn.proj.bias
dinov3_feature_extractor.backbone.blocks.1.ls1.gamma
dinov3_feature_extractor.backbone.blocks.1.norm2.weight
dinov3_feature_extractor.backbone.blocks.1.norm2.bias
dinov3_feature_extractor.backbone.blocks.1.mlp.fc1.weight
dinov3_feature_extractor.backbone.blocks.1.mlp.fc1.bias
dinov3_feature_extractor.backbone.blocks.1.mlp.fc2.weight
dinov3_feature_extractor.backbone.blocks.1.mlp.fc2.bias
dinov3_feature_extractor.backbone.blocks.1.ls2.gamma
dinov3_feature_extractor.backbone.blocks.2.norm1.weight
dinov3_feature_extractor.backbone.blocks.2.norm1.bias
dinov3_feature_extractor.backbone.blocks.2.attn.qkv.weight
dinov3_feature_extractor.backbone.blocks.2.attn.qkv.bias
dinov3_feature_extractor.backbone.blocks.2.attn.proj.weight
dinov3_feature_extractor.backbone.blocks.2.attn.proj.bias
dinov3_feature_extractor.backbone.blocks.2.ls1.gamma
dinov3_feature_extractor.backbone.blocks.2.norm2.weight
dinov3_feature_extractor.backbone.blocks.2.norm2.bias
dinov3_feature_extractor.backbone.blocks.2.mlp.fc1.weight
dinov3_feature_extractor.backbone.blocks.2.mlp.fc1.bias
dinov3_feature_extractor.backbone.blocks.2.mlp.fc2.weight
dinov3_feature_extractor.backbone.blocks.2.mlp.fc2.bias
dinov3_feature_extractor.backbone.blocks.2.ls2.gamma
dinov3_feature_extractor.backbone.blocks.3.norm1.weight
dinov3_feature_extractor.backbone.blocks.3.norm1.bias
dinov3_feature_extractor.backbone.blocks.3.attn.qkv.weight
dinov3_feature_extractor.backbone.blocks.3.attn.qkv.bias
dinov3_feature_extractor.backbone.blocks.3.attn.proj.weight
dinov3_feature_extractor.backbone.blocks.3.attn.proj.bias
dinov3_feature_extractor.backbone.blocks.3.ls1.gamma
dinov3_feature_extractor.backbone.blocks.3.norm2.weight
dinov3_feature_extractor.backbone.blocks.3.norm2.bias
dinov3_feature_extractor.backbone.blocks.3.mlp.fc1.weight
dinov3_feature_extractor.backbone.blocks.3.mlp.fc1.bias
dinov3_feature_extractor.backbone.blocks.3.mlp.fc2.weight
dinov3_feature_extractor.backbone.blocks.3.mlp.fc2.bias
dinov3_feature_extractor.backbone.blocks.3.ls2.gamma
dinov3_feature_extractor.backbone.blocks.4.norm1.weight
dinov3_feature_extractor.backbone.blocks.4.norm1.bias
dinov3_feature_extractor.backbone.blocks.4.attn.qkv.weight
dinov3_feature_extractor.backbone.blocks.4.attn.qkv.bias
dinov3_feature_extractor.backbone.blocks.4.attn.proj.weight
dinov3_feature_extractor.backbone.blocks.4.attn.proj.bias
dinov3_feature_extractor.backbone.blocks.4.ls1.gamma
dinov3_feature_extractor.backbone.blocks.4.norm2.weight
dinov3_feature_extractor.backbone.blocks.4.norm2.bias
dinov3_feature_extractor.backbone.blocks.4.mlp.fc1.weight
dinov3_feature_extractor.backbone.blocks.4.mlp.fc1.bias
dinov3_feature_extractor.backbone.blocks.4.mlp.fc2.weight
dinov3_feature_extractor.backbone.blocks.4.mlp.fc2.bias
dinov3_feature_extractor.backbone.blocks.4.ls2.gamma
dinov3_feature_extractor.backbone.blocks.5.norm1.weight
dinov3_feature_extractor.backbone.blocks.5.norm1.bias
dinov3_feature_extractor.backbone.blocks.5.attn.qkv.weight
dinov3_feature_extractor.backbone.blocks.5.attn.qkv.bias
dinov3_feature_extractor.backbone.blocks.5.attn.proj.weight
dinov3_feature_extractor.backbone.blocks.5.attn.proj.bias
dinov3_feature_extractor.backbone.blocks.5.ls1.gamma
dinov3_feature_extractor.backbone.blocks.5.norm2.weight
dinov3_feature_extractor.backbone.blocks.5.norm2.bias
dinov3_feature_extractor.backbone.blocks.5.mlp.fc1.weight
dinov3_feature_extractor.backbone.blocks.5.mlp.fc1.bias
dinov3_feature_extractor.backbone.blocks.5.mlp.fc2.weight
dinov3_feature_extractor.backbone.blocks.5.mlp.fc2.bias
dinov3_feature_extractor.backbone.blocks.5.ls2.gamma
dinov3_feature_extractor.backbone.blocks.6.norm1.weight
dinov3_feature_extractor.backbone.blocks.6.norm1.bias
dinov3_feature_extractor.backbone.blocks.6.attn.qkv.weight
dinov3_feature_extractor.backbone.blocks.6.attn.qkv.bias
dinov3_feature_extractor.backbone.blocks.6.attn.proj.weight
dinov3_feature_extractor.backbone.blocks.6.attn.proj.bias
dinov3_feature_extractor.backbone.blocks.6.ls1.gamma
dinov3_feature_extractor.backbone.blocks.6.norm2.weight
dinov3_feature_extractor.backbone.blocks.6.norm2.bias
dinov3_feature_extractor.backbone.blocks.6.mlp.fc1.weight
dinov3_feature_extractor.backbone.blocks.6.mlp.fc1.bias
dinov3_feature_extractor.backbone.blocks.6.mlp.fc2.weight
dinov3_feature_extractor.backbone.blocks.6.mlp.fc2.bias
dinov3_feature_extractor.backbone.blocks.6.ls2.gamma
dinov3_feature_extractor.backbone.blocks.7.norm1.weight
dinov3_feature_extractor.backbone.blocks.7.norm1.bias
dinov3_feature_extractor.backbone.blocks.7.attn.qkv.weight
dinov3_feature_extractor.backbone.blocks.7.attn.qkv.bias
dinov3_feature_extractor.backbone.blocks.7.attn.proj.weight
dinov3_feature_extractor.backbone.blocks.7.attn.proj.bias
dinov3_feature_extractor.backbone.blocks.7.ls1.gamma
dinov3_feature_extractor.backbone.blocks.7.norm2.weight
dinov3_feature_extractor.backbone.blocks.7.norm2.bias
dinov3_feature_extractor.backbone.blocks.7.mlp.fc1.weight
dinov3_feature_extractor.backbone.blocks.7.mlp.fc1.bias
dinov3_feature_extractor.backbone.blocks.7.mlp.fc2.weight
dinov3_feature_extractor.backbone.blocks.7.mlp.fc2.bias
dinov3_feature_extractor.backbone.blocks.7.ls2.gamma
dinov3_feature_extractor.backbone.blocks.8.norm1.weight
dinov3_feature_extractor.backbone.blocks.8.norm1.bias
dinov3_feature_extractor.backbone.blocks.8.attn.qkv.weight
dinov3_feature_extractor.backbone.blocks.8.attn.qkv.bias
dinov3_feature_extractor.backbone.blocks.8.attn.proj.weight
dinov3_feature_extractor.backbone.blocks.8.attn.proj.bias
dinov3_feature_extractor.backbone.blocks.8.ls1.gamma
dinov3_feature_extractor.backbone.blocks.8.norm2.weight
dinov3_feature_extractor.backbone.blocks.8.norm2.bias
dinov3_feature_extractor.backbone.blocks.8.mlp.fc1.weight
dinov3_feature_extractor.backbone.blocks.8.mlp.fc1.bias
dinov3_feature_extractor.backbone.blocks.8.mlp.fc2.weight
dinov3_feature_extractor.backbone.blocks.8.mlp.fc2.bias
dinov3_feature_extractor.backbone.blocks.8.ls2.gamma
dinov3_feature_extractor.backbone.blocks.9.norm1.weight
dinov3_feature_extractor.backbone.blocks.9.norm1.bias
dinov3_feature_extractor.backbone.blocks.9.attn.qkv.weight
dinov3_feature_extractor.backbone.blocks.9.attn.qkv.bias
dinov3_feature_extractor.backbone.blocks.9.attn.proj.weight
dinov3_feature_extractor.backbone.blocks.9.attn.proj.bias
dinov3_feature_extractor.backbone.blocks.9.ls1.gamma
dinov3_feature_extractor.backbone.blocks.9.norm2.weight
dinov3_feature_extractor.backbone.blocks.9.norm2.bias
dinov3_feature_extractor.backbone.blocks.9.mlp.fc1.weight
dinov3_feature_extractor.backbone.blocks.9.mlp.fc1.bias
dinov3_feature_extractor.backbone.blocks.9.mlp.fc2.weight
dinov3_feature_extractor.backbone.blocks.9.mlp.fc2.bias
dinov3_feature_extractor.backbone.blocks.9.ls2.gamma
dinov3_feature_extractor.backbone.blocks.10.norm1.weight
dinov3_feature_extractor.backbone.blocks.10.norm1.bias
dinov3_feature_extractor.backbone.blocks.10.attn.qkv.weight
dinov3_feature_extractor.backbone.blocks.10.attn.qkv.bias
dinov3_feature_extractor.backbone.blocks.10.attn.proj.weight
dinov3_feature_extractor.backbone.blocks.10.attn.proj.bias
dinov3_feature_extractor.backbone.blocks.10.ls1.gamma
dinov3_feature_extractor.backbone.blocks.10.norm2.weight
dinov3_feature_extractor.backbone.blocks.10.norm2.bias
dinov3_feature_extractor.backbone.blocks.10.mlp.fc1.weight
dinov3_feature_extractor.backbone.blocks.10.mlp.fc1.bias
dinov3_feature_extractor.backbone.blocks.10.mlp.fc2.weight
dinov3_feature_extractor.backbone.blocks.10.mlp.fc2.bias
dinov3_feature_extractor.backbone.blocks.10.ls2.gamma
dinov3_feature_extractor.backbone.blocks.11.norm1.weight
dinov3_feature_extractor.backbone.blocks.11.norm1.bias
dinov3_feature_extractor.backbone.blocks.11.attn.qkv.weight
dinov3_feature_extractor.backbone.blocks.11.attn.qkv.bias
dinov3_feature_extractor.backbone.blocks.11.attn.proj.weight
dinov3_feature_extractor.backbone.blocks.11.attn.proj.bias
dinov3_feature_extractor.backbone.blocks.11.ls1.gamma
dinov3_feature_extractor.backbone.blocks.11.norm2.weight
dinov3_feature_extractor.backbone.blocks.11.norm2.bias
dinov3_feature_extractor.backbone.blocks.11.mlp.fc1.weight
dinov3_feature_extractor.backbone.blocks.11.mlp.fc1.bias
dinov3_feature_extractor.backbone.blocks.11.mlp.fc2.weight
dinov3_feature_extractor.backbone.blocks.11.mlp.fc2.bias
dinov3_feature_extractor.backbone.blocks.11.ls2.gamma
dinov3_feature_extractor.backbone.norm.weight
dinov3_feature_extractor.backbone.norm.bias
dinov3_feature_extractor.linear.weight
dinov3_feature_extractor.linear.bias
Start training
/ROIHU_TYKKY_m7C9DRD/miniforge/envs/env1/lib/python3.11/site-packages/torch/functional.py:505: UserWarning: torch.meshgrid: in an upcoming release, it will be required to pass the indexing argument. (Triggered internally at /pytorch/aten/src/ATen/native/TensorShape.cpp:4382.)
  return _VF.meshgrid(tensors, **kwargs)  # type: ignore[attr-defined]
Epoch: [0]  [  0/296]  eta: 0:11:23  lr: 0.000200  grad_norm: 2.17  loss: 2.0882 (2.0882)  loss_ce: 0.5238 (0.5238)  loss_coords: 0.7789 (0.7789)  loss_raster: 0.7855 (0.7855)  loss_ce_unscaled: 0.2619 (0.2619)  loss_coords_unscaled: 0.1558 (0.1558)  loss_raster_unscaled: 0.7855 (0.7855)  cardinality_error_unscaled: 43.5000 (43.5000)  loss_ce_0_unscaled: 0.6931 (0.6931)  loss_coords_0_unscaled: 0.1558 (0.1558)  loss_raster_0_unscaled: 0.7855 (0.7855)  cardinality_error_0_unscaled: 43.5000 (43.5000)  loss_ce_1_unscaled: 0.6931 (0.6931)  loss_coords_1_unscaled: 0.1558 (0.1558)  loss_raster_1_unscaled: 0.7855 (0.7855)  cardinality_error_1_unscaled: 43.5000 (43.5000)  loss_ce_2_unscaled: 0.6931 (0.6931)  loss_coords_2_unscaled: 0.1558 (0.1558)  loss_raster_2_unscaled: 0.7855 (0.7855)  cardinality_error_2_unscaled: 43.5000 (43.5000)  loss_ce_3_unscaled: 0.6931 (0.6931)  loss_coords_3_unscaled: 0.1558 (0.1558)  loss_raster_3_unscaled: 0.7855 (0.7855)  cardinality_error_3_unscaled: 43.5000 (43.5000)  loss_ce_4_unscaled: 0.6931 (0.6931)  loss_coords_4_unscaled: 0.1558 (0.1558)  loss_raster_4_unscaled: 0.7855 (0.7855)  cardinality_error_4_unscaled: 43.5000 (43.5000)  time: 2.3075  data: 0.6615  max mem: 7763
Epoch: [0]  [ 10/296]  eta: 0:02:50  lr: 0.000200  grad_norm: 1.76  loss: 1.9597 (1.9893)  loss_ce: 0.3835 (0.4059)  loss_coords: 0.8189 (0.8165)  loss_raster: 0.7726 (0.7668)  loss_ce_unscaled: 0.1917 (0.2030)  loss_coords_unscaled: 0.1638 (0.1633)  loss_raster_unscaled: 0.7726 (0.7668)  cardinality_error_unscaled: 35.3000 (35.5727)  loss_ce_0_unscaled: 0.6931 (0.6931)  loss_coords_0_unscaled: 0.1648 (0.1637)  loss_raster_0_unscaled: 0.7760 (0.7700)  cardinality_error_0_unscaled: 35.3000 (35.5727)  loss_ce_1_unscaled: 0.6931 (0.6931)  loss_coords_1_unscaled: 0.1646 (0.1635)  loss_raster_1_unscaled: 0.7746 (0.7688)  cardinality_error_1_unscaled: 35.3000 (35.5727)  loss_ce_2_unscaled: 0.6931 (0.6931)  loss_coords_2_unscaled: 0.1643 (0.1633)  loss_raster_2_unscaled: 0.7740 (0.7681)  cardinality_error_2_unscaled: 35.3000 (35.5727)  loss_ce_3_unscaled: 0.6931 (0.6931)  loss_coords_3_unscaled: 0.1641 (0.1632)  loss_raster_3_unscaled: 0.7737 (0.7675)  cardinality_error_3_unscaled: 35.3000 (35.5727)  loss_ce_4_unscaled: 0.6931 (0.6931)  loss_coords_4_unscaled: 0.1639 (0.1632)  loss_raster_4_unscaled: 0.7731 (0.7671)  cardinality_error_4_unscaled: 35.3000 (35.5727)  time: 0.5967  data: 0.0609  max mem: 8650
Epoch: [0]  [ 20/296]  eta: 0:02:24  lr: 0.000200  grad_norm: 2.11  loss: 1.9310 (1.9561)  loss_ce: 0.3774 (0.3921)  loss_coords: 0.8030 (0.8025)  loss_raster: 0.7628 (0.7616)  loss_ce_unscaled: 0.1887 (0.1960)  loss_coords_unscaled: 0.1606 (0.1605)  loss_raster_unscaled: 0.7628 (0.7616)  cardinality_error_unscaled: 35.4000 (36.2905)  loss_ce_0_unscaled: 0.6931 (0.6931)  loss_coords_0_unscaled: 0.1632 (0.1629)  loss_raster_0_unscaled: 0.7760 (0.7733)  cardinality_error_0_unscaled: 35.4000 (36.2905)  loss_ce_1_unscaled: 0.6931 (0.6931)  loss_coords_1_unscaled: 0.1611 (0.1619)  loss_raster_1_unscaled: 0.7717 (0.7690)  cardinality_error_1_unscaled: 35.4000 (36.2905)  loss_ce_2_unscaled: 0.6931 (0.6931)  loss_coords_2_unscaled: 0.1610 (0.1612)  loss_raster_2_unscaled: 0.7689 (0.7654)  cardinality_error_2_unscaled: 35.4000 (36.2905)  loss_ce_3_unscaled: 0.6931 (0.6931)  loss_coords_3_unscaled: 0.1607 (0.1607)  loss_raster_3_unscaled: 0.7666 (0.7632)  cardinality_error_3_unscaled: 35.4000 (36.2905)  loss_ce_4_unscaled: 0.6931 (0.6931)  loss_coords_4_unscaled: 0.1605 (0.1605)  loss_raster_4_unscaled: 0.7645 (0.7620)  cardinality_error_4_unscaled: 35.4000 (36.2905)  time: 0.4338  data: 0.0008  max mem: 8650
Epoch: [0]  [ 30/296]  eta: 0:02:14  lr: 0.000200  grad_norm: 5.09  loss: 1.8434 (1.8853)  loss_ce: 0.3731 (0.3822)  loss_coords: 0.7574 (0.7758)  loss_raster: 0.7112 (0.7273)  loss_ce_unscaled: 0.1866 (0.1911)  loss_coords_unscaled: 0.1515 (0.1552)  loss_raster_unscaled: 0.7112 (0.7273)  cardinality_error_unscaled: 37.6000 (36.5839)  loss_ce_0_unscaled: 0.6931 (0.6931)  loss_coords_0_unscaled: 0.1626 (0.1628)  loss_raster_0_unscaled: 0.7586 (0.7677)  cardinality_error_0_unscaled: 37.6000 (36.5839)  loss_ce_1_unscaled: 0.6931 (0.6931)  loss_coords_1_unscaled: 0.1579 (0.1601)  loss_raster_1_unscaled: 0.7403 (0.7544)  cardinality_error_1_unscaled: 37.6000 (36.5839)  loss_ce_2_unscaled: 0.6931 (0.6931)  loss_coords_2_unscaled: 0.1565 (0.1577)  loss_raster_2_unscaled: 0.7258 (0.7423)  cardinality_error_2_unscaled: 37.6000 (36.5839)  loss_ce_3_unscaled: 0.6931 (0.6931)  loss_coords_3_unscaled: 0.1528 (0.1561)  loss_raster_3_unscaled: 0.7156 (0.7337)  cardinality_error_3_unscaled: 37.6000 (36.5839)  loss_ce_4_unscaled: 0.6931 (0.6931)  loss_coords_4_unscaled: 0.1518 (0.1553)  loss_raster_4_unscaled: 0.7115 (0.7289)  cardinality_error_4_unscaled: 37.6000 (36.5839)  time: 0.4566  data: 0.0008  max mem: 8650
Epoch: [0]  [ 40/296]  eta: 0:02:03  lr: 0.000200  grad_norm: 6.29  loss: 1.5954 (1.7823)  loss_ce: 0.3290 (0.3613)  loss_coords: 0.6816 (0.7407)  loss_raster: 0.5847 (0.6802)  loss_ce_unscaled: 0.1645 (0.1807)  loss_coords_unscaled: 0.1363 (0.1481)  loss_raster_unscaled: 0.5847 (0.6802)  cardinality_error_unscaled: 35.2000 (35.6756)  loss_ce_0_unscaled: 0.6931 (0.6931)  loss_coords_0_unscaled: 0.1632 (0.1634)  loss_raster_0_unscaled: 0.7434 (0.7577)  cardinality_error_0_unscaled: 35.2000 (35.6756)  loss_ce_1_unscaled: 0.6931 (0.6931)  loss_coords_1_unscaled: 0.1520 (0.1579)  loss_raster_1_unscaled: 0.6918 (0.7341)  cardinality_error_1_unscaled: 35.2000 (35.6756)  loss_ce_2_unscaled: 0.6931 (0.6931)  loss_coords_2_unscaled: 0.1456 (0.1531)  loss_raster_2_unscaled: 0.6351 (0.7098)  cardinality_error_2_unscaled: 35.2000 (35.6756)  loss_ce_3_unscaled: 0.6931 (0.6931)  loss_coords_3_unscaled: 0.1408 (0.1498)  loss_raster_3_unscaled: 0.6012 (0.6923)  cardinality_error_3_unscaled: 35.2000 (35.6756)  loss_ce_4_unscaled: 0.6931 (0.6931)  loss_coords_4_unscaled: 0.1368 (0.1483)  loss_raster_4_unscaled: 0.5861 (0.6830)  cardinality_error_4_unscaled: 35.2000 (35.6756)  time: 0.4423  data: 0.0008  max mem: 8650
Epoch: [0]  [ 50/296]  eta: 0:01:55  lr: 0.000200  grad_norm: 6.37  loss: 1.3825 (1.6976)  loss_ce: 0.2770 (0.3414)  loss_coords: 0.6022 (0.7131)  loss_raster: 0.5094 (0.6431)  loss_ce_unscaled: 0.1385 (0.1707)  loss_coords_unscaled: 0.1204 (0.1426)  loss_raster_unscaled: 0.5094 (0.6431)  cardinality_error_unscaled: 32.0000 (34.8843)  loss_ce_0_unscaled: 0.6931 (0.6931)  loss_coords_0_unscaled: 0.1649 (0.1635)  loss_raster_0_unscaled: 0.7248 (0.7511)  cardinality_error_0_unscaled: 32.4000 (35.0529)  loss_ce_1_unscaled: 0.6931 (0.6931)  loss_coords_1_unscaled: 0.1489 (0.1558)  loss_raster_1_unscaled: 0.6640 (0.7178)  cardinality_error_1_unscaled: 32.4000 (35.0529)  loss_ce_2_unscaled: 0.6931 (0.6931)  loss_coords_2_unscaled: 0.1329 (0.1491)  loss_raster_2_unscaled: 0.5940 (0.6840)  cardinality_error_2_unscaled: 32.4000 (35.0529)  loss_ce_3_unscaled: 0.6931 (0.6931)  loss_coords_3_unscaled: 0.1230 (0.1445)  loss_raster_3_unscaled: 0.5373 (0.6596)  cardinality_error_3_unscaled: 32.4000 (35.0529)  loss_ce_4_unscaled: 0.6931 (0.6931)  loss_coords_4_unscaled: 0.1202 (0.1426)  loss_raster_4_unscaled: 0.5154 (0.6469)  cardinality_error_4_unscaled: 32.4000 (35.0529)  time: 0.4110  data: 0.0007  max mem: 8650
Epoch: [0]  [ 60/296]  eta: 0:01:50  lr: 0.000200  grad_norm: 4.06  loss: 1.3492 (1.6430)  loss_ce: 0.2513 (0.3249)  loss_coords: 0.5941 (0.6939)  loss_raster: 0.5128 (0.6241)  loss_ce_unscaled: 0.1256 (0.1625)  loss_coords_unscaled: 0.1188 (0.1388)  loss_raster_unscaled: 0.5128 (0.6241)  cardinality_error_unscaled: 31.6000 (33.2623)  loss_ce_0_unscaled: 0.6931 (0.6931)  loss_coords_0_unscaled: 0.1649 (0.1641)  loss_raster_0_unscaled: 0.7404 (0.7531)  cardinality_error_0_unscaled: 35.2000 (35.6098)  loss_ce_1_unscaled: 0.6931 (0.6931)  loss_coords_1_unscaled: 0.1489 (0.1548)  loss_raster_1_unscaled: 0.6788 (0.7159)  cardinality_error_1_unscaled: 35.2000 (35.6098)  loss_ce_2_unscaled: 0.6931 (0.6931)  loss_coords_2_unscaled: 0.1329 (0.1466)  loss_raster_2_unscaled: 0.5961 (0.6754)  cardinality_error_2_unscaled: 35.2000 (35.6098)  loss_ce_3_unscaled: 0.6931 (0.6931)  loss_coords_3_unscaled: 0.1226 (0.1411)  loss_raster_3_unscaled: 0.5382 (0.6445)  cardinality_error_3_unscaled: 35.2000 (35.6098)  loss_ce_4_unscaled: 0.6931 (0.6931)  loss_coords_4_unscaled: 0.1180 (0.1388)  loss_raster_4_unscaled: 0.5154 (0.6284)  cardinality_error_4_unscaled: 35.2000 (35.6098)  time: 0.4321  data: 0.0007  max mem: 8650
Epoch: [0]  [ 70/296]  eta: 0:01:44  lr: 0.000200  grad_norm: 2.36  loss: 1.3105 (1.5910)  loss_ce: 0.2082 (0.3086)  loss_coords: 0.5870 (0.6774)  loss_raster: 0.5058 (0.6051)  loss_ce_unscaled: 0.1041 (0.1543)  loss_coords_unscaled: 0.1174 (0.1355)  loss_raster_unscaled: 0.5058 (0.6051)  cardinality_error_unscaled: 19.7000 (31.5690)  loss_ce_0_unscaled: 0.6931 (0.6931)  loss_coords_0_unscaled: 0.1662 (0.1645)  loss_raster_0_unscaled: 0.7522 (0.7521)  cardinality_error_0_unscaled: 35.7000 (35.6408)  loss_ce_1_unscaled: 0.6931 (0.6931)  loss_coords_1_unscaled: 0.1492 (0.1539)  loss_raster_1_unscaled: 0.6871 (0.7113)  cardinality_error_1_unscaled: 35.7000 (35.6408)  loss_ce_2_unscaled: 0.6931 (0.6931)  loss_coords_2_unscaled: 0.1314 (0.1444)  loss_raster_2_unscaled: 0.6036 (0.6646)  cardinality_error_2_unscaled: 35.7000 (35.6408)  loss_ce_3_unscaled: 0.6931 (0.6931)  loss_coords_3_unscaled: 0.1193 (0.1380)  loss_raster_3_unscaled: 0.5421 (0.6282)  cardinality_error_3_unscaled: 35.7000 (35.6408)  loss_ce_4_unscaled: 0.6931 (0.6931)  loss_coords_4_unscaled: 0.1174 (0.1355)  loss_raster_4_unscaled: 0.5140 (0.6101)  cardinality_error_4_unscaled: 35.7000 (35.6408)  time: 0.4420  data: 0.0007  max mem: 8650
Epoch: [0]  [ 80/296]  eta: 0:01:39  lr: 0.000200  grad_norm: 4.00  loss: 1.2359 (1.5452)  loss_ce: 0.2004 (0.2957)  loss_coords: 0.5450 (0.6605)  loss_raster: 0.4825 (0.5890)  loss_ce_unscaled: 0.1002 (0.1479)  loss_coords_unscaled: 0.1090 (0.1321)  loss_raster_unscaled: 0.4825 (0.5890)  cardinality_error_unscaled: 19.0000 (30.1716)  loss_ce_0_unscaled: 0.6931 (0.6931)  loss_coords_0_unscaled: 0.1629 (0.1642)  loss_raster_0_unscaled: 0.7524 (0.7522)  cardinality_error_0_unscaled: 34.2000 (35.7000)  loss_ce_1_unscaled: 0.6931 (0.6931)  loss_coords_1_unscaled: 0.1429 (0.1524)  loss_raster_1_unscaled: 0.6855 (0.7076)  cardinality_error_1_unscaled: 34.2000 (35.7000)  loss_ce_2_unscaled: 0.6931 (0.6931)  loss_coords_2_unscaled: 0.1253 (0.1419)  loss_raster_2_unscaled: 0.5966 (0.6551)  cardinality_error_2_unscaled: 34.2000 (35.7000)  loss_ce_3_unscaled: 0.6931 (0.6931)  loss_coords_3_unscaled: 0.1146 (0.1349)  loss_raster_3_unscaled: 0.5197 (0.6142)  cardinality_error_3_unscaled: 34.2000 (35.7000)  loss_ce_4_unscaled: 0.6931 (0.6931)  loss_coords_4_unscaled: 0.1101 (0.1321)  loss_raster_4_unscaled: 0.4896 (0.5943)  cardinality_error_4_unscaled: 34.2000 (35.7000)  time: 0.4345  data: 0.0007  max mem: 8650
Epoch: [0]  [ 90/296]  eta: 0:01:33  lr: 0.000200  grad_norm: 3.60  loss: 1.1677 (1.5060)  loss_ce: 0.1884 (0.2846)  loss_coords: 0.5383 (0.6471)  loss_raster: 0.4703 (0.5743)  loss_ce_unscaled: 0.0942 (0.1423)  loss_coords_unscaled: 0.1077 (0.1294)  loss_raster_unscaled: 0.4703 (0.5743)  cardinality_error_unscaled: 20.6000 (29.3846)  loss_ce_0_unscaled: 0.6931 (0.6931)  loss_coords_0_unscaled: 0.1654 (0.1647)  loss_raster_0_unscaled: 0.7558 (0.7512)  cardinality_error_0_unscaled: 34.2000 (35.3934)  loss_ce_1_unscaled: 0.6931 (0.6931)  loss_coords_1_unscaled: 0.1435 (0.1518)  loss_raster_1_unscaled: 0.6772 (0.7032)  cardinality_error_1_unscaled: 34.2000 (35.3934)  loss_ce_2_unscaled: 0.6931 (0.6931)  loss_coords_2_unscaled: 0.1251 (0.1403)  loss_raster_2_unscaled: 0.5864 (0.6456)  cardinality_error_2_unscaled: 34.2000 (35.3934)  loss_ce_3_unscaled: 0.6931 (0.6931)  loss_coords_3_unscaled: 0.1127 (0.1327)  loss_raster_3_unscaled: 0.5080 (0.6010)  cardinality_error_3_unscaled: 34.2000 (35.3934)  loss_ce_4_unscaled: 0.6931 (0.6931)  loss_coords_4_unscaled: 0.1075 (0.1296)  loss_raster_4_unscaled: 0.4780 (0.5799)  cardinality_error_4_unscaled: 34.2000 (35.3934)  time: 0.4271  data: 0.0007  max mem: 8650
Epoch: [0]  [100/296]  eta: 0:01:28  lr: 0.000200  grad_norm: 1.70  loss: 1.1733 (1.4734)  loss_ce: 0.1849 (0.2752)  loss_coords: 0.5234 (0.6356)  loss_raster: 0.4491 (0.5625)  loss_ce_unscaled: 0.0925 (0.1376)  loss_coords_unscaled: 0.1047 (0.1271)  loss_raster_unscaled: 0.4491 (0.5625)  cardinality_error_unscaled: 20.8000 (28.5941)  loss_ce_0_unscaled: 0.6931 (0.6931)  loss_coords_0_unscaled: 0.1669 (0.1649)  loss_raster_0_unscaled: 0.7458 (0.7510)  cardinality_error_0_unscaled: 31.5000 (35.0168)  loss_ce_1_unscaled: 0.6931 (0.6931)  loss_coords_1_unscaled: 0.1447 (0.1511)  loss_raster_1_unscaled: 0.6741 (0.7010)  cardinality_error_1_unscaled: 31.5000 (35.0168)  loss_ce_2_unscaled: 0.6931 (0.6931)  loss_coords_2_unscaled: 0.1238 (0.1386)  loss_raster_2_unscaled: 0.5846 (0.6387)  cardinality_error_2_unscaled: 31.5000 (35.0168)  loss_ce_3_unscaled: 0.6931 (0.6931)  loss_coords_3_unscaled: 0.1102 (0.1305)  loss_raster_3_unscaled: 0.5030 (0.5907)  cardinality_error_3_unscaled: 31.5000 (35.0168)  loss_ce_4_unscaled: 0.6931 (0.6931)  loss_coords_4_unscaled: 0.1053 (0.1273)  loss_raster_4_unscaled: 0.4602 (0.5683)  cardinality_error_4_unscaled: 31.5000 (35.0168)  time: 0.4152  data: 0.0007  max mem: 8650
Epoch: [0]  [110/296]  eta: 0:01:23  lr: 0.000200  grad_norm: 5.08  loss: 1.1971 (1.4451)  loss_ce: 0.1897 (0.2678)  loss_coords: 0.5043 (0.6230)  loss_raster: 0.4515 (0.5542)  loss_ce_unscaled: 0.0949 (0.1339)  loss_coords_unscaled: 0.1009 (0.1246)  loss_raster_unscaled: 0.4515 (0.5542)  cardinality_error_unscaled: 20.9000 (28.0288)  loss_ce_0_unscaled: 0.6931 (0.6931)  loss_coords_0_unscaled: 0.1622 (0.1646)  loss_raster_0_unscaled: 0.7524 (0.7520)  cardinality_error_0_unscaled: 34.2000 (35.1982)  loss_ce_1_unscaled: 0.6931 (0.6931)  loss_coords_1_unscaled: 0.1402 (0.1498)  loss_raster_1_unscaled: 0.6950 (0.7003)  cardinality_error_1_unscaled: 34.2000 (35.1982)  loss_ce_2_unscaled: 0.6931 (0.6931)  loss_coords_2_unscaled: 0.1174 (0.1366)  loss_raster_2_unscaled: 0.5855 (0.6344)  cardinality_error_2_unscaled: 34.2000 (35.1982)  loss_ce_3_unscaled: 0.6931 (0.6931)  loss_coords_3_unscaled: 0.1051 (0.1281)  loss_raster_3_unscaled: 0.5030 (0.5837)  cardinality_error_3_unscaled: 34.2000 (35.1982)  loss_ce_4_unscaled: 0.6931 (0.6931)  loss_coords_4_unscaled: 0.1007 (0.1248)  loss_raster_4_unscaled: 0.4602 (0.5602)  cardinality_error_4_unscaled: 34.2000 (35.1982)  time: 0.4382  data: 0.0007  max mem: 8650
Epoch: [0]  [120/296]  eta: 0:01:19  lr: 0.000200  grad_norm: 1.51  loss: 1.1971 (1.4246)  loss_ce: 0.1947 (0.2624)  loss_coords: 0.5019 (0.6140)  loss_raster: 0.4735 (0.5482)  loss_ce_unscaled: 0.0974 (0.1312)  loss_coords_unscaled: 0.1004 (0.1228)  loss_raster_unscaled: 0.4735 (0.5482)  cardinality_error_unscaled: 22.0000 (27.5810)  loss_ce_0_unscaled: 0.6931 (0.6931)  loss_coords_0_unscaled: 0.1610 (0.1644)  loss_raster_0_unscaled: 0.7592 (0.7523)  cardinality_error_0_unscaled: 37.0000 (35.3347)  loss_ce_1_unscaled: 0.6931 (0.6931)  loss_coords_1_unscaled: 0.1380 (0.1490)  loss_raster_1_unscaled: 0.6873 (0.6990)  cardinality_error_1_unscaled: 37.0000 (35.3347)  loss_ce_2_unscaled: 0.6931 (0.6931)  loss_coords_2_unscaled: 0.1170 (0.1352)  loss_raster_2_unscaled: 0.5799 (0.6305)  cardinality_error_2_unscaled: 37.0000 (35.3347)  loss_ce_3_unscaled: 0.6931 (0.6931)  loss_coords_3_unscaled: 0.1046 (0.1264)  loss_raster_3_unscaled: 0.5188 (0.5783)  cardinality_error_3_unscaled: 37.0000 (35.3347)  loss_ce_4_unscaled: 0.6931 (0.6931)  loss_coords_4_unscaled: 0.1003 (0.1230)  loss_raster_4_unscaled: 0.4825 (0.5543)  cardinality_error_4_unscaled: 37.0000 (35.3347)  time: 0.4543  data: 0.0007  max mem: 8650
Epoch: [0]  [130/296]  eta: 0:01:14  lr: 0.000200  grad_norm: 3.28  loss: 1.1815 (1.4057)  loss_ce: 0.2023 (0.2577)  loss_coords: 0.5073 (0.6069)  loss_raster: 0.4698 (0.5412)  loss_ce_unscaled: 0.1012 (0.1288)  loss_coords_unscaled: 0.1015 (0.1214)  loss_raster_unscaled: 0.4698 (0.5412)  cardinality_error_unscaled: 21.4000 (27.1611)  loss_ce_0_unscaled: 0.6931 (0.6931)  loss_coords_0_unscaled: 0.1639 (0.1646)  loss_raster_0_unscaled: 0.7529 (0.7510)  cardinality_error_0_unscaled: 36.2000 (35.3618)  loss_ce_1_unscaled: 0.6931 (0.6931)  loss_coords_1_unscaled: 0.1399 (0.1485)  loss_raster_1_unscaled: 0.6836 (0.6968)  cardinality_error_1_unscaled: 36.2000 (35.3618)  loss_ce_2_unscaled: 0.6931 (0.6931)  loss_coords_2_unscaled: 0.1199 (0.1341)  loss_raster_2_unscaled: 0.5699 (0.6252)  cardinality_error_2_unscaled: 36.2000 (35.3618)  loss_ce_3_unscaled: 0.6931 (0.6931)  loss_coords_3_unscaled: 0.1070 (0.1250)  loss_raster_3_unscaled: 0.4991 (0.5716)  cardinality_error_3_unscaled: 36.2000 (35.3618)  loss_ce_4_unscaled: 0.6931 (0.6931)  loss_coords_4_unscaled: 0.1021 (0.1216)  loss_raster_4_unscaled: 0.4713 (0.5472)  cardinality_error_4_unscaled: 36.2000 (35.3618)  time: 0.4434  data: 0.0007  max mem: 8650
Epoch: [0]  [140/296]  eta: 0:01:09  lr: 0.000200  grad_norm: 1.80  loss: 1.1791 (1.3898)  loss_ce: 0.1882 (0.2533)  loss_coords: 0.5155 (0.6004)  loss_raster: 0.4652 (0.5360)  loss_ce_unscaled: 0.0941 (0.1267)  loss_coords_unscaled: 0.1031 (0.1201)  loss_raster_unscaled: 0.4652 (0.5360)  cardinality_error_unscaled: 22.9000 (26.9574)  loss_ce_0_unscaled: 0.6931 (0.6931)  loss_coords_0_unscaled: 0.1638 (0.1645)  loss_raster_0_unscaled: 0.7288 (0.7498)  cardinality_error_0_unscaled: 35.3000 (35.3830)  loss_ce_1_unscaled: 0.6931 (0.6931)  loss_coords_1_unscaled: 0.1413 (0.1479)  loss_raster_1_unscaled: 0.6690 (0.6952)  cardinality_error_1_unscaled: 35.3000 (35.3830)  loss_ce_2_unscaled: 0.6931 (0.6931)  loss_coords_2_unscaled: 0.1196 (0.1330)  loss_raster_2_unscaled: 0.5689 (0.6215)  cardinality_error_2_unscaled: 35.3000 (35.3830)  loss_ce_3_unscaled: 0.6931 (0.6931)  loss_coords_3_unscaled: 0.1070 (0.1238)  loss_raster_3_unscaled: 0.4982 (0.5666)  cardinality_error_3_unscaled: 35.3000 (35.3830)  loss_ce_4_unscaled: 0.6931 (0.6931)  loss_coords_4_unscaled: 0.1030 (0.1203)  loss_raster_4_unscaled: 0.4685 (0.5420)  cardinality_error_4_unscaled: 35.3000 (35.3830)  time: 0.4346  data: 0.0007  max mem: 8650
Epoch: [0]  [150/296]  eta: 0:01:05  lr: 0.000200  grad_norm: 2.30  loss: 1.1791 (1.3748)  loss_ce: 0.1878 (0.2494)  loss_coords: 0.4938 (0.5938)  loss_raster: 0.4676 (0.5316)  loss_ce_unscaled: 0.0939 (0.1247)  loss_coords_unscaled: 0.0988 (0.1188)  loss_raster_unscaled: 0.4676 (0.5316)  cardinality_error_unscaled: 20.7000 (26.6225)  loss_ce_0_unscaled: 0.6931 (0.6931)  loss_coords_0_unscaled: 0.1633 (0.1646)  loss_raster_0_unscaled: 0.7284 (0.7489)  cardinality_error_0_unscaled: 35.0000 (35.4629)  loss_ce_1_unscaled: 0.6931 (0.6931)  loss_coords_1_unscaled: 0.1394 (0.1474)  loss_raster_1_unscaled: 0.6703 (0.6944)  cardinality_error_1_unscaled: 35.0000 (35.4629)  loss_ce_2_unscaled: 0.6931 (0.6931)  loss_coords_2_unscaled: 0.1184 (0.1320)  loss_raster_2_unscaled: 0.5713 (0.6186)  cardinality_error_2_unscaled: 35.0000 (35.4629)  loss_ce_3_unscaled: 0.6931 (0.6931)  loss_coords_3_unscaled: 0.1043 (0.1225)  loss_raster_3_unscaled: 0.5058 (0.5624)  cardinality_error_3_unscaled: 35.0000 (35.4629)  loss_ce_4_unscaled: 0.6931 (0.6931)  loss_coords_4_unscaled: 0.0993 (0.1190)  loss_raster_4_unscaled: 0.4779 (0.5377)  cardinality_error_4_unscaled: 35.0000 (35.4629)  time: 0.4394  data: 0.0007  max mem: 8650
Epoch: [0]  [160/296]  eta: 0:01:00  lr: 0.000200  grad_norm: 2.92  loss: 1.1961 (1.3637)  loss_ce: 0.1955 (0.2466)  loss_coords: 0.5061 (0.5891)  loss_raster: 0.4676 (0.5280)  loss_ce_unscaled: 0.0978 (0.1233)  loss_coords_unscaled: 0.1012 (0.1178)  loss_raster_unscaled: 0.4676 (0.5280)  cardinality_error_unscaled: 20.7000 (26.4509)  loss_ce_0_unscaled: 0.6931 (0.6931)  loss_coords_0_unscaled: 0.1667 (0.1648)  loss_raster_0_unscaled: 0.7370 (0.7484)  cardinality_error_0_unscaled: 35.7000 (35.5230)  loss_ce_1_unscaled: 0.6931 (0.6931)  loss_coords_1_unscaled: 0.1417 (0.1471)  loss_raster_1_unscaled: 0.6839 (0.6941)  cardinality_error_1_unscaled: 35.7000 (35.5230)  loss_ce_2_unscaled: 0.6931 (0.6931)  loss_coords_2_unscaled: 0.1198 (0.1313)  loss_raster_2_unscaled: 0.5842 (0.6165)  cardinality_error_2_unscaled: 35.7000 (35.5230)  loss_ce_3_unscaled: 0.6931 (0.6931)  loss_coords_3_unscaled: 0.1066 (0.1216)  loss_raster_3_unscaled: 0.5109 (0.5591)  cardinality_error_3_unscaled: 35.7000 (35.5230)  loss_ce_4_unscaled: 0.6931 (0.6931)  loss_coords_4_unscaled: 0.1017 (0.1180)  loss_raster_4_unscaled: 0.4774 (0.5341)  cardinality_error_4_unscaled: 35.7000 (35.5230)  time: 0.4415  data: 0.0007  max mem: 8650
Epoch: [0]  [170/296]  eta: 0:00:56  lr: 0.000200  grad_norm: 1.95  loss: 1.1794 (1.3519)  loss_ce: 0.1984 (0.2437)  loss_coords: 0.5061 (0.5839)  loss_raster: 0.4761 (0.5244)  loss_ce_unscaled: 0.0992 (0.1218)  loss_coords_unscaled: 0.1012 (0.1168)  loss_raster_unscaled: 0.4761 (0.5244)  cardinality_error_unscaled: 22.4000 (26.3310)  loss_ce_0_unscaled: 0.6931 (0.6931)  loss_coords_0_unscaled: 0.1668 (0.1648)  loss_raster_0_unscaled: 0.7427 (0.7478)  cardinality_error_0_unscaled: 35.7000 (35.5585)  loss_ce_1_unscaled: 0.6931 (0.6931)  loss_coords_1_unscaled: 0.1416 (0.1467)  loss_raster_1_unscaled: 0.6843 (0.6936)  cardinality_error_1_unscaled: 35.7000 (35.5585)  loss_ce_2_unscaled: 0.6931 (0.6931)  loss_coords_2_unscaled: 0.1198 (0.1305)  loss_raster_2_unscaled: 0.5787 (0.6143)  cardinality_error_2_unscaled: 35.7000 (35.5585)  loss_ce_3_unscaled: 0.6931 (0.6931)  loss_coords_3_unscaled: 0.1059 (0.1206)  loss_raster_3_unscaled: 0.5102 (0.5559)  cardinality_error_3_unscaled: 35.7000 (35.5585)  loss_ce_4_unscaled: 0.6931 (0.6931)  loss_coords_4_unscaled: 0.1013 (0.1170)  loss_raster_4_unscaled: 0.4797 (0.5306)  cardinality_error_4_unscaled: 35.7000 (35.5585)  time: 0.4426  data: 0.0008  max mem: 8650
Epoch: [0]  [180/296]  eta: 0:00:52  lr: 0.000200  grad_norm: 2.39  loss: 1.1749 (1.3432)  loss_ce: 0.1984 (0.2419)  loss_coords: 0.5032 (0.5797)  loss_raster: 0.4761 (0.5216)  loss_ce_unscaled: 0.0992 (0.1210)  loss_coords_unscaled: 0.1006 (0.1159)  loss_raster_unscaled: 0.4761 (0.5216)  cardinality_error_unscaled: 21.4000 (26.1414)  loss_ce_0_unscaled: 0.6931 (0.6931)  loss_coords_0_unscaled: 0.1668 (0.1649)  loss_raster_0_unscaled: 0.7383 (0.7474)  cardinality_error_0_unscaled: 37.8000 (35.8155)  loss_ce_1_unscaled: 0.6931 (0.6931)  loss_coords_1_unscaled: 0.1391 (0.1464)  loss_raster_1_unscaled: 0.6805 (0.6930)  cardinality_error_1_unscaled: 37.8000 (35.8155)  loss_ce_2_unscaled: 0.6931 (0.6931)  loss_coords_2_unscaled: 0.1177 (0.1299)  loss_raster_2_unscaled: 0.5764 (0.6125)  cardinality_error_2_unscaled: 37.8000 (35.8155)  loss_ce_3_unscaled: 0.6931 (0.6931)  loss_coords_3_unscaled: 0.1044 (0.1198)  loss_raster_3_unscaled: 0.5068 (0.5534)  cardinality_error_3_unscaled: 37.8000 (35.8155)  loss_ce_4_unscaled: 0.6931 (0.6931)  loss_coords_4_unscaled: 0.1007 (0.1162)  loss_raster_4_unscaled: 0.4804 (0.5278)  cardinality_error_4_unscaled: 37.8000 (35.8155)  time: 0.4649  data: 0.0008  max mem: 8650
Epoch: [0]  [190/296]  eta: 0:00:47  lr: 0.000200  grad_norm: 2.74  loss: 1.1914 (1.3353)  loss_ce: 0.2008 (0.2395)  loss_coords: 0.5067 (0.5757)  loss_raster: 0.4913 (0.5201)  loss_ce_unscaled: 0.1004 (0.1198)  loss_coords_unscaled: 0.1013 (0.1151)  loss_raster_unscaled: 0.4913 (0.5201)  cardinality_error_unscaled: 21.6000 (26.0958)  loss_ce_0_unscaled: 0.6931 (0.6931)  loss_coords_0_unscaled: 0.1624 (0.1647)  loss_raster_0_unscaled: 0.7379 (0.7470)  cardinality_error_0_unscaled: 39.5000 (35.9806)  loss_ce_1_unscaled: 0.6931 (0.6931)  loss_coords_1_unscaled: 0.1377 (0.1458)  loss_raster_1_unscaled: 0.6895 (0.6927)  cardinality_error_1_unscaled: 39.5000 (35.9806)  loss_ce_2_unscaled: 0.6931 (0.6931)  loss_coords_2_unscaled: 0.1176 (0.1291)  loss_raster_2_unscaled: 0.5887 (0.6110)  cardinality_error_2_unscaled: 39.5000 (35.9806)  loss_ce_3_unscaled: 0.6931 (0.6931)  loss_coords_3_unscaled: 0.1039 (0.1190)  loss_raster_3_unscaled: 0.5270 (0.5515)  cardinality_error_3_unscaled: 39.5000 (35.9806)  loss_ce_4_unscaled: 0.6931 (0.6931)  loss_coords_4_unscaled: 0.1005 (0.1153)  loss_raster_4_unscaled: 0.5021 (0.5261)  cardinality_error_4_unscaled: 39.5000 (35.9806)  time: 0.4728  data: 0.0008  max mem: 8650
Epoch: [0]  [200/296]  eta: 0:00:43  lr: 0.000200  grad_norm: 2.43  loss: 1.1431 (1.3235)  loss_ce: 0.1860 (0.2370)  loss_coords: 0.4912 (0.5711)  loss_raster: 0.4449 (0.5153)  loss_ce_unscaled: 0.0930 (0.1185)  loss_coords_unscaled: 0.0982 (0.1142)  loss_raster_unscaled: 0.4449 (0.5153)  cardinality_error_unscaled: 24.3000 (25.9294)  loss_ce_0_unscaled: 0.6931 (0.6931)  loss_coords_0_unscaled: 0.1616 (0.1647)  loss_raster_0_unscaled: 0.7354 (0.7461)  cardinality_error_0_unscaled: 34.4000 (35.8139)  loss_ce_1_unscaled: 0.6931 (0.6931)  loss_coords_1_unscaled: 0.1355 (0.1454)  loss_raster_1_unscaled: 0.6878 (0.6910)  cardinality_error_1_unscaled: 34.4000 (35.8139)  loss_ce_2_unscaled: 0.6931 (0.6931)  loss_coords_2_unscaled: 0.1135 (0.1283)  loss_raster_2_unscaled: 0.5683 (0.6073)  cardinality_error_2_unscaled: 34.4000 (35.8139)  loss_ce_3_unscaled: 0.6931 (0.6931)  loss_coords_3_unscaled: 0.1012 (0.1181)  loss_raster_3_unscaled: 0.4865 (0.5470)  cardinality_error_3_unscaled: 34.4000 (35.8139)  loss_ce_4_unscaled: 0.6931 (0.6931)  loss_coords_4_unscaled: 0.0979 (0.1144)  loss_raster_4_unscaled: 0.4486 (0.5214)  cardinality_error_4_unscaled: 34.4000 (35.8139)  time: 0.4396  data: 0.0007  max mem: 8650
Epoch: [0]  [210/296]  eta: 0:00:38  lr: 0.000200  grad_norm: 1.56  loss: 1.1022 (1.3150)  loss_ce: 0.1910 (0.2353)  loss_coords: 0.4828 (0.5669)  loss_raster: 0.4280 (0.5128)  loss_ce_unscaled: 0.0955 (0.1177)  loss_coords_unscaled: 0.0966 (0.1134)  loss_raster_unscaled: 0.4280 (0.5128)  cardinality_error_unscaled: 24.3000 (25.9673)  loss_ce_0_unscaled: 0.6931 (0.6931)  loss_coords_0_unscaled: 0.1627 (0.1645)  loss_raster_0_unscaled: 0.7304 (0.7455)  cardinality_error_0_unscaled: 35.0000 (35.9635)  loss_ce_1_unscaled: 0.6931 (0.6931)  loss_coords_1_unscaled: 0.1356 (0.1449)  loss_raster_1_unscaled: 0.6492 (0.6900)  cardinality_error_1_unscaled: 35.0000 (35.9635)  loss_ce_2_unscaled: 0.6931 (0.6931)  loss_coords_2_unscaled: 0.1137 (0.1276)  loss_raster_2_unscaled: 0.5529 (0.6052)  cardinality_error_2_unscaled: 35.0000 (35.9635)  loss_ce_3_unscaled: 0.6931 (0.6931)  loss_coords_3_unscaled: 0.1012 (0.1173)  loss_raster_3_unscaled: 0.4750 (0.5446)  cardinality_error_3_unscaled: 35.0000 (35.9635)  loss_ce_4_unscaled: 0.6931 (0.6931)  loss_coords_4_unscaled: 0.0975 (0.1136)  loss_raster_4_unscaled: 0.4389 (0.5189)  cardinality_error_4_unscaled: 35.0000 (35.9635)  time: 0.4386  data: 0.0007  max mem: 8650
Epoch: [0]  [220/296]  eta: 0:00:34  lr: 0.000200  grad_norm: 3.16  loss: 1.1007 (1.3063)  loss_ce: 0.1873 (0.2333)  loss_coords: 0.4796 (0.5631)  loss_raster: 0.4409 (0.5099)  loss_ce_unscaled: 0.0937 (0.1166)  loss_coords_unscaled: 0.0959 (0.1126)  loss_raster_unscaled: 0.4409 (0.5099)  cardinality_error_unscaled: 24.6000 (25.8733)  loss_ce_0_unscaled: 0.6931 (0.6931)  loss_coords_0_unscaled: 0.1625 (0.1645)  loss_raster_0_unscaled: 0.7333 (0.7451)  cardinality_error_0_unscaled: 36.4000 (35.8570)  loss_ce_1_unscaled: 0.6931 (0.6931)  loss_coords_1_unscaled: 0.1364 (0.1445)  loss_raster_1_unscaled: 0.6718 (0.6893)  cardinality_error_1_unscaled: 36.4000 (35.8570)  loss_ce_2_unscaled: 0.6931 (0.6931)  loss_coords_2_unscaled: 0.1136 (0.1270)  loss_raster_2_unscaled: 0.5539 (0.6031)  cardinality_error_2_unscaled: 36.4000 (35.8570)  loss_ce_3_unscaled: 0.6931 (0.6931)  loss_coords_3_unscaled: 0.1004 (0.1165)  loss_raster_3_unscaled: 0.4797 (0.5420)  cardinality_error_3_unscaled: 36.4000 (35.8570)  loss_ce_4_unscaled: 0.6931 (0.6931)  loss_coords_4_unscaled: 0.0954 (0.1128)  loss_raster_4_unscaled: 0.4490 (0.5161)  cardinality_error_4_unscaled: 36.4000 (35.8570)  time: 0.4427  data: 0.0007  max mem: 8650
Epoch: [0]  [230/296]  eta: 0:00:29  lr: 0.000200  grad_norm: 2.71  loss: 1.1007 (1.2985)  loss_ce: 0.1826 (0.2314)  loss_coords: 0.4784 (0.5599)  loss_raster: 0.4394 (0.5073)  loss_ce_unscaled: 0.0913 (0.1157)  loss_coords_unscaled: 0.0957 (0.1120)  loss_raster_unscaled: 0.4394 (0.5073)  cardinality_error_unscaled: 25.4000 (26.0061)  loss_ce_0_unscaled: 0.6931 (0.6931)  loss_coords_0_unscaled: 0.1640 (0.1645)  loss_raster_0_unscaled: 0.7300 (0.7445)  cardinality_error_0_unscaled: 32.3000 (35.7069)  loss_ce_1_unscaled: 0.6931 (0.6931)  loss_coords_1_unscaled: 0.1364 (0.1443)  loss_raster_1_unscaled: 0.6718 (0.6883)  cardinality_error_1_unscaled: 32.3000 (35.7069)  loss_ce_2_unscaled: 0.6931 (0.6931)  loss_coords_2_unscaled: 0.1119 (0.1265)  loss_raster_2_unscaled: 0.5539 (0.6007)  cardinality_error_2_unscaled: 32.3000 (35.7069)  loss_ce_3_unscaled: 0.6931 (0.6931)  loss_coords_3_unscaled: 0.0991 (0.1159)  loss_raster_3_unscaled: 0.4768 (0.5392)  cardinality_error_3_unscaled: 32.3000 (35.7069)  loss_ce_4_unscaled: 0.6931 (0.6931)  loss_coords_4_unscaled: 0.0954 (0.1122)  loss_raster_4_unscaled: 0.4472 (0.5133)  cardinality_error_4_unscaled: 32.3000 (35.7069)  time: 0.4176  data: 0.0007  max mem: 8650
Epoch: [0]  [240/296]  eta: 0:00:25  lr: 0.000200  grad_norm: 4.51  loss: 1.1092 (1.2904)  loss_ce: 0.1912 (0.2298)  loss_coords: 0.4775 (0.5565)  loss_raster: 0.4389 (0.5042)  loss_ce_unscaled: 0.0956 (0.1149)  loss_coords_unscaled: 0.0955 (0.1113)  loss_raster_unscaled: 0.4389 (0.5042)  cardinality_error_unscaled: 27.7000 (25.9851)  loss_ce_0_unscaled: 0.6931 (0.6931)  loss_coords_0_unscaled: 0.1642 (0.1645)  loss_raster_0_unscaled: 0.7373 (0.7440)  cardinality_error_0_unscaled: 34.1000 (35.6581)  loss_ce_1_unscaled: 0.6931 (0.6931)  loss_coords_1_unscaled: 0.1364 (0.1440)  loss_raster_1_unscaled: 0.6714 (0.6869)  cardinality_error_1_unscaled: 34.1000 (35.6581)  loss_ce_2_unscaled: 0.6931 (0.6931)  loss_coords_2_unscaled: 0.1133 (0.1260)  loss_raster_2_unscaled: 0.5446 (0.5983)  cardinality_error_2_unscaled: 34.1000 (35.6581)  loss_ce_3_unscaled: 0.6931 (0.6931)  loss_coords_3_unscaled: 0.1008 (0.1153)  loss_raster_3_unscaled: 0.4760 (0.5363)  cardinality_error_3_unscaled: 34.1000 (35.6581)  loss_ce_4_unscaled: 0.6931 (0.6931)  loss_coords_4_unscaled: 0.0961 (0.1115)  loss_raster_4_unscaled: 0.4444 (0.5103)  cardinality_error_4_unscaled: 34.1000 (35.6581)  time: 0.4303  data: 0.0007  max mem: 8650
Epoch: [0]  [250/296]  eta: 0:00:20  lr: 0.000200  grad_norm: 3.71  loss: 1.0951 (1.2831)  loss_ce: 0.1912 (0.2283)  loss_coords: 0.4775 (0.5534)  loss_raster: 0.4279 (0.5014)  loss_ce_unscaled: 0.0956 (0.1142)  loss_coords_unscaled: 0.0955 (0.1107)  loss_raster_unscaled: 0.4279 (0.5014)  cardinality_error_unscaled: 27.0000 (26.0900)  loss_ce_0_unscaled: 0.6931 (0.6931)  loss_coords_0_unscaled: 0.1630 (0.1645)  loss_raster_0_unscaled: 0.7381 (0.7436)  cardinality_error_0_unscaled: 34.6000 (35.6303)  loss_ce_1_unscaled: 0.6931 (0.6931)  loss_coords_1_unscaled: 0.1357 (0.1436)  loss_raster_1_unscaled: 0.6526 (0.6858)  cardinality_error_1_unscaled: 34.6000 (35.6303)  loss_ce_2_unscaled: 0.6931 (0.6931)  loss_coords_2_unscaled: 0.1126 (0.1254)  loss_raster_2_unscaled: 0.5287 (0.5958)  cardinality_error_2_unscaled: 34.6000 (35.6303)  loss_ce_3_unscaled: 0.6931 (0.6931)  loss_coords_3_unscaled: 0.1008 (0.1146)  loss_raster_3_unscaled: 0.4616 (0.5334)  cardinality_error_3_unscaled: 34.6000 (35.6303)  loss_ce_4_unscaled: 0.6931 (0.6931)  loss_coords_4_unscaled: 0.0966 (0.1109)  loss_raster_4_unscaled: 0.4354 (0.5075)  cardinality_error_4_unscaled: 34.6000 (35.6303)  time: 0.4374  data: 0.0007  max mem: 8650
Epoch: [0]  [260/296]  eta: 0:00:16  lr: 0.000200  grad_norm: 1.88  loss: 1.0840 (1.2750)  loss_ce: 0.1835 (0.2265)  loss_coords: 0.4804 (0.5503)  loss_raster: 0.4253 (0.4981)  loss_ce_unscaled: 0.0918 (0.1133)  loss_coords_unscaled: 0.0961 (0.1101)  loss_raster_unscaled: 0.4253 (0.4981)  cardinality_error_unscaled: 26.5000 (26.1287)  loss_ce_0_unscaled: 0.6931 (0.6931)  loss_coords_0_unscaled: 0.1638 (0.1646)  loss_raster_0_unscaled: 0.7311 (0.7426)  cardinality_error_0_unscaled: 33.6000 (35.5077)  loss_ce_1_unscaled: 0.6931 (0.6931)  loss_coords_1_unscaled: 0.1356 (0.1434)  loss_raster_1_unscaled: 0.6404 (0.6840)  cardinality_error_1_unscaled: 33.6000 (35.5077)  loss_ce_2_unscaled: 0.6931 (0.6931)  loss_coords_2_unscaled: 0.1118 (0.1249)  loss_raster_2_unscaled: 0.5215 (0.5927)  cardinality_error_2_unscaled: 33.6000 (35.5077)  loss_ce_3_unscaled: 0.6931 (0.6931)  loss_coords_3_unscaled: 0.1001 (0.1141)  loss_raster_3_unscaled: 0.4595 (0.5301)  cardinality_error_3_unscaled: 33.6000 (35.5077)  loss_ce_4_unscaled: 0.6931 (0.6931)  loss_coords_4_unscaled: 0.0962 (0.1103)  loss_raster_4_unscaled: 0.4354 (0.5041)  cardinality_error_4_unscaled: 33.6000 (35.5077)  time: 0.4188  data: 0.0007  max mem: 8650
Epoch: [0]  [270/296]  eta: 0:00:11  lr: 0.000200  grad_norm: 3.71  loss: 1.1098 (1.2704)  loss_ce: 0.1816 (0.2251)  loss_coords: 0.4918 (0.5489)  loss_raster: 0.4331 (0.4964)  loss_ce_unscaled: 0.0908 (0.1126)  loss_coords_unscaled: 0.0984 (0.1098)  loss_raster_unscaled: 0.4331 (0.4964)  cardinality_error_unscaled: 24.8000 (26.1465)  loss_ce_0_unscaled: 0.6931 (0.6931)  loss_coords_0_unscaled: 0.1654 (0.1647)  loss_raster_0_unscaled: 0.7242 (0.7424)  cardinality_error_0_unscaled: 32.0000 (35.3856)  loss_ce_1_unscaled: 0.6931 (0.6931)  loss_coords_1_unscaled: 0.1378 (0.1433)  loss_raster_1_unscaled: 0.6410 (0.6835)  cardinality_error_1_unscaled: 32.0000 (35.3856)  loss_ce_2_unscaled: 0.6931 (0.6931)  loss_coords_2_unscaled: 0.1153 (0.1247)  loss_raster_2_unscaled: 0.5317 (0.5913)  cardinality_error_2_unscaled: 32.0000 (35.3856)  loss_ce_3_unscaled: 0.6931 (0.6931)  loss_coords_3_unscaled: 0.1042 (0.1138)  loss_raster_3_unscaled: 0.4669 (0.5285)  cardinality_error_3_unscaled: 32.0000 (35.3856)  loss_ce_4_unscaled: 0.6931 (0.6931)  loss_coords_4_unscaled: 0.0989 (0.1100)  loss_raster_4_unscaled: 0.4393 (0.5025)  cardinality_error_4_unscaled: 32.0000 (35.3856)  time: 0.4095  data: 0.0007  max mem: 8650
Epoch: [0]  [280/296]  eta: 0:00:07  lr: 0.000200  grad_norm: 4.14  loss: 1.1433 (1.2646)  loss_ce: 0.1823 (0.2237)  loss_coords: 0.4746 (0.5463)  loss_raster: 0.4368 (0.4946)  loss_ce_unscaled: 0.0912 (0.1118)  loss_coords_unscaled: 0.0949 (0.1093)  loss_raster_unscaled: 0.4368 (0.4946)  cardinality_error_unscaled: 24.8000 (26.0829)  loss_ce_0_unscaled: 0.6931 (0.6931)  loss_coords_0_unscaled: 0.1654 (0.1647)  loss_raster_0_unscaled: 0.7315 (0.7421)  cardinality_error_0_unscaled: 33.0000 (35.3719)  loss_ce_1_unscaled: 0.6931 (0.6931)  loss_coords_1_unscaled: 0.1367 (0.1431)  loss_raster_1_unscaled: 0.6516 (0.6824)  cardinality_error_1_unscaled: 33.0000 (35.3719)  loss_ce_2_unscaled: 0.6931 (0.6931)  loss_coords_2_unscaled: 0.1139 (0.1242)  loss_raster_2_unscaled: 0.5420 (0.5894)  cardinality_error_2_unscaled: 33.0000 (35.3719)  loss_ce_3_unscaled: 0.6931 (0.6931)  loss_coords_3_unscaled: 0.0997 (0.1133)  loss_raster_3_unscaled: 0.4803 (0.5266)  cardinality_error_3_unscaled: 33.0000 (35.3719)  loss_ce_4_unscaled: 0.6931 (0.6931)  loss_coords_4_unscaled: 0.0954 (0.1095)  loss_raster_4_unscaled: 0.4426 (0.5006)  cardinality_error_4_unscaled: 33.0000 (35.3719)  time: 0.4225  data: 0.0007  max mem: 8650
Epoch: [0]  [290/296]  eta: 0:00:02  lr: 0.000200  grad_norm: 3.43  loss: 1.0718 (1.2583)  loss_ce: 0.1826 (0.2224)  loss_coords: 0.4740 (0.5440)  loss_raster: 0.4323 (0.4918)  loss_ce_unscaled: 0.0913 (0.1112)  loss_coords_unscaled: 0.0948 (0.1088)  loss_raster_unscaled: 0.4323 (0.4918)  cardinality_error_unscaled: 24.0000 (26.0653)  loss_ce_0_unscaled: 0.6931 (0.6931)  loss_coords_0_unscaled: 0.1652 (0.1647)  loss_raster_0_unscaled: 0.7303 (0.7418)  cardinality_error_0_unscaled: 35.4000 (35.2784)  loss_ce_1_unscaled: 0.6931 (0.6931)  loss_coords_1_unscaled: 0.1356 (0.1429)  loss_raster_1_unscaled: 0.6546 (0.6814)  cardinality_error_1_unscaled: 35.4000 (35.2784)  loss_ce_2_unscaled: 0.6931 (0.6931)  loss_coords_2_unscaled: 0.1126 (0.1238)  loss_raster_2_unscaled: 0.5284 (0.5873)  cardinality_error_2_unscaled: 35.4000 (35.2784)  loss_ce_3_unscaled: 0.6931 (0.6931)  loss_coords_3_unscaled: 0.0997 (0.1128)  loss_raster_3_unscaled: 0.4603 (0.5240)  cardinality_error_3_unscaled: 35.4000 (35.2784)  loss_ce_4_unscaled: 0.6931 (0.6931)  loss_coords_4_unscaled: 0.0950 (0.1090)  loss_raster_4_unscaled: 0.4400 (0.4979)  cardinality_error_4_unscaled: 35.4000 (35.2784)  time: 0.4227  data: 0.0008  max mem: 8650
Epoch: [0]  [295/296]  eta: 0:00:00  lr: 0.000200  grad_norm: 3.09  loss: 1.0718 (1.2556)  loss_ce: 0.1894 (0.2220)  loss_coords: 0.4567 (0.5425)  loss_raster: 0.4344 (0.4912)  loss_ce_unscaled: 0.0947 (0.1110)  loss_coords_unscaled: 0.0913 (0.1085)  loss_raster_unscaled: 0.4344 (0.4912)  cardinality_error_unscaled: 24.9000 (26.1757)  loss_ce_0_unscaled: 0.6931 (0.6931)  loss_coords_0_unscaled: 0.1642 (0.1647)  loss_raster_0_unscaled: 0.7327 (0.7418)  cardinality_error_0_unscaled: 37.4000 (35.3152)  loss_ce_1_unscaled: 0.6931 (0.6931)  loss_coords_1_unscaled: 0.1346 (0.1427)  loss_raster_1_unscaled: 0.6546 (0.6811)  cardinality_error_1_unscaled: 37.4000 (35.3152)  loss_ce_2_unscaled: 0.6931 (0.6931)  loss_coords_2_unscaled: 0.1090 (0.1236)  loss_raster_2_unscaled: 0.5381 (0.5865)  cardinality_error_2_unscaled: 37.4000 (35.3152)  loss_ce_3_unscaled: 0.6931 (0.6931)  loss_coords_3_unscaled: 0.0958 (0.1125)  loss_raster_3_unscaled: 0.4735 (0.5232)  cardinality_error_3_unscaled: 37.4000 (35.3152)  loss_ce_4_unscaled: 0.6931 (0.6931)  loss_coords_4_unscaled: 0.0919 (0.1087)  loss_raster_4_unscaled: 0.4426 (0.4972)  cardinality_error_4_unscaled: 37.4000 (35.3152)  time: 0.4265  data: 0.0006  max mem: 8650
Epoch: [0] Total time: 0:02:10 (0.4422 s / it)
Averaged stats: lr: 0.000200  grad_norm: 3.09  loss: 1.0718 (1.2556)  loss_ce: 0.1894 (0.2220)  loss_coords: 0.4567 (0.5425)  loss_raster: 0.4344 (0.4912)  loss_ce_unscaled: 0.0947 (0.1110)  loss_coords_unscaled: 0.0913 (0.1085)  loss_raster_unscaled: 0.4344 (0.4912)  cardinality_error_unscaled: 24.9000 (26.1757)  loss_ce_0_unscaled: 0.6931 (0.6931)  loss_coords_0_unscaled: 0.1642 (0.1647)  loss_raster_0_unscaled: 0.7327 (0.7418)  cardinality_error_0_unscaled: 37.4000 (35.3152)  loss_ce_1_unscaled: 0.6931 (0.6931)  loss_coords_1_unscaled: 0.1346 (0.1427)  loss_raster_1_unscaled: 0.6546 (0.6811)  cardinality_error_1_unscaled: 37.4000 (35.3152)  loss_ce_2_unscaled: 0.6931 (0.6931)  loss_coords_2_unscaled: 0.1090 (0.1236)  loss_raster_2_unscaled: 0.5381 (0.5865)  cardinality_error_2_unscaled: 37.4000 (35.3152)  loss_ce_3_unscaled: 0.6931 (0.6931)  loss_coords_3_unscaled: 0.0958 (0.1125)  loss_raster_3_unscaled: 0.4735 (0.5232)  cardinality_error_3_unscaled: 37.4000 (35.3152)  loss_ce_4_unscaled: 0.6931 (0.6931)  loss_coords_4_unscaled: 0.0919 (0.1087)  loss_raster_4_unscaled: 0.4426 (0.4972)  cardinality_error_4_unscaled: 37.4000 (35.3152)
Selected device is: cuda
Creating Structured3D Dataset with 250 scenes...
Running Evaluation for scene 3000
Selected device is: cuda
Creating Structured3D Dataset with 250 scenes...
Running Evaluation for scene 3001
Selected device is: cuda
Creating Structured3D Dataset with 250 scenes...
Running Evaluation for scene 3002
Selected device is: cuda
Creating Structured3D Dataset with 250 scenes...
Running Evaluation for scene 3003
Selected device is: cuda
Creating Structured3D Dataset with 250 scenes...
Running Evaluation for scene 3004
Selected device is: cuda
Creating Structured3D Dataset with 250 scenes...
Running Evaluation for scene 3005
Selected device is: cuda
Creating Structured3D Dataset with 250 scenes...
Running Evaluation for scene 3006
Selected device is: cuda
Creating Structured3D Dataset with 250 scenes...
Running Evaluation for scene 3007
Selected device is: cuda
Creating Structured3D Dataset with 250 scenes...
Running Evaluation for scene 3008
Selected device is: cuda
Creating Structured3D Dataset with 250 scenes...
Running Evaluation for scene 3009
Test:  [ 0/25]  eta: 0:00:29  room_prec: 0.0000 (0.0600)  room_rec: 0.0000 (0.0403)  corner_prec: 0.0000 (0.0300)  corner_rec: 0.0000 (0.0149)  angles_prec: 0.0000 (0.0200)  angles_rec: 0.0000 (0.0099)  loss: 1.0735 (1.0735)  loss_ce: 0.1838 (0.1838)  loss_coords: 0.4420 (0.4420)  loss_raster: 0.4477 (0.4477)  loss_ce_unscaled: 0.0919 (0.0919)  loss_coords_unscaled: 0.0884 (0.0884)  loss_raster_unscaled: 0.4477 (0.4477)  cardinality_error_unscaled: 15.4000 (15.4000)  loss_ce_0_unscaled: 0.6931 (0.6931)  loss_coords_0_unscaled: 0.1554 (0.1554)  loss_raster_0_unscaled: 0.7672 (0.7672)  cardinality_error_0_unscaled: 35.0000 (35.0000)  loss_ce_1_unscaled: 0.6931 (0.6931)  loss_coords_1_unscaled: 0.1255 (0.1255)  loss_raster_1_unscaled: 0.6774 (0.6774)  cardinality_error_1_unscaled: 35.0000 (35.0000)  loss_ce_2_unscaled: 0.6931 (0.6931)  loss_coords_2_unscaled: 0.1017 (0.1017)  loss_raster_2_unscaled: 0.5450 (0.5450)  cardinality_error_2_unscaled: 35.0000 (35.0000)  loss_ce_3_unscaled: 0.6931 (0.6931)  loss_coords_3_unscaled: 0.0909 (0.0909)  loss_raster_3_unscaled: 0.4716 (0.4716)  cardinality_error_3_unscaled: 35.0000 (35.0000)  loss_ce_4_unscaled: 0.6931 (0.6931)  loss_coords_4_unscaled: 0.0883 (0.0883)  loss_raster_4_unscaled: 0.4490 (0.4490)  cardinality_error_4_unscaled: 35.0000 (35.0000)  time: 1.1822  data: 0.4808  max mem: 8650
Selected device is: cuda
Creating Structured3D Dataset with 250 scenes...
Running Evaluation for scene 3010
Selected device is: cuda
Creating Structured3D Dataset with 250 scenes...
Running Evaluation for scene 3011
Selected device is: cuda
Creating Structured3D Dataset with 250 scenes...
Running Evaluation for scene 3012
Selected device is: cuda
Creating Structured3D Dataset with 250 scenes...
Running Evaluation for scene 3013
Selected device is: cuda
Creating Structured3D Dataset with 250 scenes...
Running Evaluation for scene 3014
Selected device is: cuda
Creating Structured3D Dataset with 250 scenes...
Running Evaluation for scene 3015
Selected device is: cuda
Creating Structured3D Dataset with 250 scenes...
Running Evaluation for scene 3016
Selected device is: cuda
Creating Structured3D Dataset with 250 scenes...
Running Evaluation for scene 3017
Selected device is: cuda
Creating Structured3D Dataset with 250 scenes...
Running Evaluation for scene 3018
Selected device is: cuda
Creating Structured3D Dataset with 250 scenes...
Running Evaluation for scene 3019
Selected device is: cuda
Creating Structured3D Dataset with 250 scenes...
Running Evaluation for scene 3020
Selected device is: cuda
Creating Structured3D Dataset with 250 scenes...
Running Evaluation for scene 3021
Selected device is: cuda
Creating Structured3D Dataset with 250 scenes...
Running Evaluation for scene 3022
Selected device is: cuda
Creating Structured3D Dataset with 250 scenes...
Running Evaluation for scene 3023
Selected device is: cuda
Creating Structured3D Dataset with 250 scenes...
Running Evaluation for scene 3024
Selected device is: cuda
Creating Structured3D Dataset with 250 scenes...
Running Evaluation for scene 3025
Selected device is: cuda
Creating Structured3D Dataset with 250 scenes...
Running Evaluation for scene 3026
Selected device is: cuda
Creating Structured3D Dataset with 250 scenes...
Running Evaluation for scene 3027
Selected device is: cuda
Creating Structured3D Dataset with 250 scenes...
Running Evaluation for scene 3028
Selected device is: cuda
Creating Structured3D Dataset with 250 scenes...
Running Evaluation for scene 3029
Selected device is: cuda
Creating Structured3D Dataset with 250 scenes...
Running Evaluation for scene 3030
Selected device is: cuda
Creating Structured3D Dataset with 250 scenes...
Running Evaluation for scene 3031
Selected device is: cuda
Creating Structured3D Dataset with 250 scenes...
Running Evaluation for scene 3032
Selected device is: cuda
Creating Structured3D Dataset with 250 scenes...
Running Evaluation for scene 3033
Selected device is: cuda
Creating Structured3D Dataset with 250 scenes...
Running Evaluation for scene 3034
Selected device is: cuda
Creating Structured3D Dataset with 250 scenes...
Running Evaluation for scene 3035
Selected device is: cuda
Creating Structured3D Dataset with 250 scenes...
Running Evaluation for scene 3036
Selected device is: cuda
Creating Structured3D Dataset with 250 scenes...
Running Evaluation for scene 3037
Selected device is: cuda
Creating Structured3D Dataset with 250 scenes...
Running Evaluation for scene 3038
Selected device is: cuda
Creating Structured3D Dataset with 250 scenes...
Running Evaluation for scene 3039
Selected device is: cuda
Creating Structured3D Dataset with 250 scenes...
Running Evaluation for scene 3040
Selected device is: cuda
Creating Structured3D Dataset with 250 scenes...
Running Evaluation for scene 3041
Selected device is: cuda
Creating Structured3D Dataset with 250 scenes...
Running Evaluation for scene 3042
Selected device is: cuda
Creating Structured3D Dataset with 250 scenes...
Running Evaluation for scene 3043
Selected device is: cuda
Creating Structured3D Dataset with 250 scenes...
Running Evaluation for scene 3044
Selected device is: cuda
Creating Structured3D Dataset with 250 scenes...
Running Evaluation for scene 3045
Selected device is: cuda
Creating Structured3D Dataset with 250 scenes...
Running Evaluation for scene 3046
Selected device is: cuda
Creating Structured3D Dataset with 250 scenes...
Running Evaluation for scene 3047
Selected device is: cuda
Creating Structured3D Dataset with 250 scenes...
Running Evaluation for scene 3048
Selected device is: cuda
Creating Structured3D Dataset with 250 scenes...
Running Evaluation for scene 3049
Selected device is: cuda
Creating Structured3D Dataset with 250 scenes...
Running Evaluation for scene 3050
Selected device is: cuda
Creating Structured3D Dataset with 250 scenes...
Running Evaluation for scene 3051
Selected device is: cuda
Creating Structured3D Dataset with 250 scenes...
Running Evaluation for scene 3052
Selected device is: cuda
Creating Structured3D Dataset with 250 scenes...
Running Evaluation for scene 3053
Selected device is: cuda
Creating Structured3D Dataset with 250 scenes...
Running Evaluation for scene 3054
Selected device is: cuda
Creating Structured3D Dataset with 250 scenes...
Running Evaluation for scene 3055
Selected device is: cuda
Creating Structured3D Dataset with 250 scenes...
Running Evaluation for scene 3056
Selected device is: cuda
Creating Structured3D Dataset with 250 scenes...
Running Evaluation for scene 3057
Selected device is: cuda
Creating Structured3D Dataset with 250 scenes...
Running Evaluation for scene 3058
Selected device is: cuda
Creating Structured3D Dataset with 250 scenes...
Running Evaluation for scene 3059
Selected device is: cuda
Creating Structured3D Dataset with 250 scenes...
Running Evaluation for scene 3060
Selected device is: cuda
Creating Structured3D Dataset with 250 scenes...
Running Evaluation for scene 3061
Selected device is: cuda
Creating Structured3D Dataset with 250 scenes...
Running Evaluation for scene 3062
Selected device is: cuda
Creating Structured3D Dataset with 250 scenes...
Running Evaluation for scene 3063
Selected device is: cuda
Creating Structured3D Dataset with 250 scenes...
Running Evaluation for scene 3064
Selected device is: cuda
Creating Structured3D Dataset with 250 scenes...
Running Evaluation for scene 3065
Selected device is: cuda
Creating Structured3D Dataset with 250 scenes...
Running Evaluation for scene 3066
Selected device is: cuda
Creating Structured3D Dataset with 250 scenes...
Running Evaluation for scene 3067
Selected device is: cuda
Creating Structured3D Dataset with 250 scenes...
Running Evaluation for scene 3068
Selected device is: cuda
Creating Structured3D Dataset with 250 scenes...
Running Evaluation for scene 3069
Selected device is: cuda
Creating Structured3D Dataset with 250 scenes...
Running Evaluation for scene 3070
Selected device is: cuda
Creating Structured3D Dataset with 250 scenes...
Running Evaluation for scene 3071
Selected device is: cuda
Creating Structured3D Dataset with 250 scenes...
Running Evaluation for scene 3072
Selected device is: cuda
Creating Structured3D Dataset with 250 scenes...
Running Evaluation for scene 3073
Selected device is: cuda
Creating Structured3D Dataset with 250 scenes...
Running Evaluation for scene 3074
Selected device is: cuda
Creating Structured3D Dataset with 250 scenes...
Running Evaluation for scene 3075
Selected device is: cuda
Creating Structured3D Dataset with 250 scenes...
Running Evaluation for scene 3076
Selected device is: cuda
Creating Structured3D Dataset with 250 scenes...
Running Evaluation for scene 3077
Selected device is: cuda
Creating Structured3D Dataset with 250 scenes...
Running Evaluation for scene 3078
Selected device is: cuda
Creating Structured3D Dataset with 250 scenes...
Running Evaluation for scene 3079
Selected device is: cuda
Creating Structured3D Dataset with 250 scenes...
Running Evaluation for scene 3080
Selected device is: cuda
Creating Structured3D Dataset with 250 scenes...
Running Evaluation for scene 3081
Selected device is: cuda
Creating Structured3D Dataset with 250 scenes...
Running Evaluation for scene 3082
Selected device is: cuda
Creating Structured3D Dataset with 250 scenes...
Running Evaluation for scene 3083
Selected device is: cuda
Creating Structured3D Dataset with 250 scenes...
Running Evaluation for scene 3084
Selected device is: cuda
Creating Structured3D Dataset with 250 scenes...
Running Evaluation for scene 3085
Selected device is: cuda
Creating Structured3D Dataset with 250 scenes...
Running Evaluation for scene 3086
Selected device is: cuda
Creating Structured3D Dataset with 250 scenes...
Running Evaluation for scene 3087
Selected device is: cuda
Creating Structured3D Dataset with 250 scenes...
Running Evaluation for scene 3088
Selected device is: cuda
Creating Structured3D Dataset with 250 scenes...
Running Evaluation for scene 3089
Selected device is: cuda
Creating Structured3D Dataset with 250 scenes...
Running Evaluation for scene 3090
Selected device is: cuda
Creating Structured3D Dataset with 250 scenes...
Running Evaluation for scene 3091
Selected device is: cuda
Creating Structured3D Dataset with 250 scenes...
Running Evaluation for scene 3092
Selected device is: cuda
Creating Structured3D Dataset with 250 scenes...
Running Evaluation for scene 3093
Selected device is: cuda
Creating Structured3D Dataset with 250 scenes...
Running Evaluation for scene 3094
Selected device is: cuda
Creating Structured3D Dataset with 250 scenes...
Running Evaluation for scene 3095
Selected device is: cuda
Creating Structured3D Dataset with 250 scenes...
Running Evaluation for scene 3096
Selected device is: cuda
Creating Structured3D Dataset with 250 scenes...
Running Evaluation for scene 3097
Selected device is: cuda
Creating Structured3D Dataset with 250 scenes...
Running Evaluation for scene 3098
Selected device is: cuda
Creating Structured3D Dataset with 250 scenes...
Running Evaluation for scene 3099
Selected device is: cuda
Creating Structured3D Dataset with 250 scenes...
Running Evaluation for scene 3100
Selected device is: cuda
Creating Structured3D Dataset with 250 scenes...
Running Evaluation for scene 3101
Selected device is: cuda
Creating Structured3D Dataset with 250 scenes...
Running Evaluation for scene 3102
Selected device is: cuda
Creating Structured3D Dataset with 250 scenes...
Running Evaluation for scene 3103
Selected device is: cuda
Creating Structured3D Dataset with 250 scenes...
Running Evaluation for scene 3104
Selected device is: cuda
Creating Structured3D Dataset with 250 scenes...
Running Evaluation for scene 3105
Selected device is: cuda
Creating Structured3D Dataset with 250 scenes...
Running Evaluation for scene 3106
Selected device is: cuda
Creating Structured3D Dataset with 250 scenes...
Running Evaluation for scene 3107
Selected device is: cuda
Creating Structured3D Dataset with 250 scenes...
Running Evaluation for scene 3108
Selected device is: cuda
Creating Structured3D Dataset with 250 scenes...
Running Evaluation for scene 3109
Test:  [10/25]  eta: 0:00:10  room_prec: 0.0000 (0.0436)  room_rec: 0.0000 (0.0303)  corner_prec: 0.0000 (0.0155)  corner_rec: 0.0000 (0.0078)  angles_prec: 0.0000 (0.0132)  angles_rec: 0.0000 (0.0067)  loss: 1.1001 (1.0844)  loss_ce: 0.1793 (0.1857)  loss_coords: 0.4494 (0.4448)  loss_raster: 0.4585 (0.4539)  loss_ce_unscaled: 0.0897 (0.0929)  loss_coords_unscaled: 0.0899 (0.0890)  loss_raster_unscaled: 0.4585 (0.4539)  cardinality_error_unscaled: 15.4000 (15.9727)  loss_ce_0_unscaled: 0.6931 (0.6931)  loss_coords_0_unscaled: 0.1596 (0.1609)  loss_raster_0_unscaled: 0.7586 (0.7556)  cardinality_error_0_unscaled: 36.8000 (38.3364)  loss_ce_1_unscaled: 0.6931 (0.6931)  loss_coords_1_unscaled: 0.1304 (0.1310)  loss_raster_1_unscaled: 0.6774 (0.6787)  cardinality_error_1_unscaled: 36.8000 (38.3364)  loss_ce_2_unscaled: 0.6931 (0.6931)  loss_coords_2_unscaled: 0.1054 (0.1055)  loss_raster_2_unscaled: 0.5479 (0.5520)  cardinality_error_2_unscaled: 36.8000 (38.3364)  loss_ce_3_unscaled: 0.6931 (0.6931)  loss_coords_3_unscaled: 0.0931 (0.0920)  loss_raster_3_unscaled: 0.4767 (0.4766)  cardinality_error_3_unscaled: 36.8000 (38.3364)  loss_ce_4_unscaled: 0.6931 (0.6931)  loss_coords_4_unscaled: 0.0904 (0.0888)  loss_raster_4_unscaled: 0.4610 (0.4553)  cardinality_error_4_unscaled: 36.8000 (38.3364)  time: 0.6920  data: 0.0443  max mem: 8650
Selected device is: cuda
Creating Structured3D Dataset with 250 scenes...
Running Evaluation for scene 3110
Selected device is: cuda
Creating Structured3D Dataset with 250 scenes...
Running Evaluation for scene 3111
Selected device is: cuda
Creating Structured3D Dataset with 250 scenes...
Running Evaluation for scene 3112
Selected device is: cuda
Creating Structured3D Dataset with 250 scenes...
Running Evaluation for scene 3113
Selected device is: cuda
Creating Structured3D Dataset with 250 scenes...
Running Evaluation for scene 3114
Selected device is: cuda
Creating Structured3D Dataset with 250 scenes...
Running Evaluation for scene 3115
Selected device is: cuda
Creating Structured3D Dataset with 250 scenes...
Running Evaluation for scene 3116
Selected device is: cuda
Creating Structured3D Dataset with 250 scenes...
Running Evaluation for scene 3117
Selected device is: cuda
Creating Structured3D Dataset with 250 scenes...
Running Evaluation for scene 3118
Selected device is: cuda
Creating Structured3D Dataset with 250 scenes...
Running Evaluation for scene 3119
Selected device is: cuda
Creating Structured3D Dataset with 250 scenes...
Running Evaluation for scene 3120
Selected device is: cuda
Creating Structured3D Dataset with 250 scenes...
Running Evaluation for scene 3121
Selected device is: cuda
Creating Structured3D Dataset with 250 scenes...
Running Evaluation for scene 3122
Selected device is: cuda
Creating Structured3D Dataset with 250 scenes...
Running Evaluation for scene 3123
Selected device is: cuda
Creating Structured3D Dataset with 250 scenes...
Running Evaluation for scene 3124
Selected device is: cuda
Creating Structured3D Dataset with 250 scenes...
Running Evaluation for scene 3125
Selected device is: cuda
Creating Structured3D Dataset with 250 scenes...
Running Evaluation for scene 3126
Selected device is: cuda
Creating Structured3D Dataset with 250 scenes...
Running Evaluation for scene 3127
Selected device is: cuda
Creating Structured3D Dataset with 250 scenes...
Running Evaluation for scene 3128
Selected device is: cuda
Creating Structured3D Dataset with 250 scenes...
Running Evaluation for scene 3129
Selected device is: cuda
Creating Structured3D Dataset with 250 scenes...
Running Evaluation for scene 3130
Selected device is: cuda
Creating Structured3D Dataset with 250 scenes...
Running Evaluation for scene 3131
Selected device is: cuda
Creating Structured3D Dataset with 250 scenes...
Running Evaluation for scene 3132
Selected device is: cuda
Creating Structured3D Dataset with 250 scenes...
Running Evaluation for scene 3133
Selected device is: cuda
Creating Structured3D Dataset with 250 scenes...
Running Evaluation for scene 3134
Selected device is: cuda
Creating Structured3D Dataset with 250 scenes...
Running Evaluation for scene 3135
Selected device is: cuda
Creating Structured3D Dataset with 250 scenes...
Running Evaluation for scene 3136
Selected device is: cuda
Creating Structured3D Dataset with 250 scenes...
Running Evaluation for scene 3137
Selected device is: cuda
Creating Structured3D Dataset with 250 scenes...
Running Evaluation for scene 3138
Selected device is: cuda
Creating Structured3D Dataset with 250 scenes...
Running Evaluation for scene 3139
Selected device is: cuda
Creating Structured3D Dataset with 250 scenes...
Running Evaluation for scene 3140
Selected device is: cuda
Creating Structured3D Dataset with 250 scenes...
Running Evaluation for scene 3141
Selected device is: cuda
Creating Structured3D Dataset with 250 scenes...
Running Evaluation for scene 3142
Selected device is: cuda
Creating Structured3D Dataset with 250 scenes...
Running Evaluation for scene 3143
Selected device is: cuda
Creating Structured3D Dataset with 250 scenes...
Running Evaluation for scene 3144
Selected device is: cuda
Creating Structured3D Dataset with 250 scenes...
Running Evaluation for scene 3145
Selected device is: cuda
Creating Structured3D Dataset with 250 scenes...
Running Evaluation for scene 3146
Selected device is: cuda
Creating Structured3D Dataset with 250 scenes...
Running Evaluation for scene 3147
Selected device is: cuda
Creating Structured3D Dataset with 250 scenes...
Running Evaluation for scene 3148
Selected device is: cuda
Creating Structured3D Dataset with 250 scenes...
Running Evaluation for scene 3149
Selected device is: cuda
Creating Structured3D Dataset with 250 scenes...
Running Evaluation for scene 3150
Selected device is: cuda
Creating Structured3D Dataset with 250 scenes...
Running Evaluation for scene 3151
Selected device is: cuda
Creating Structured3D Dataset with 250 scenes...
Running Evaluation for scene 3152
Selected device is: cuda
Creating Structured3D Dataset with 250 scenes...
Running Evaluation for scene 3153
Selected device is: cuda
Creating Structured3D Dataset with 250 scenes...
Running Evaluation for scene 3154
Selected device is: cuda
Creating Structured3D Dataset with 250 scenes...
Running Evaluation for scene 3155
Selected device is: cuda
Creating Structured3D Dataset with 250 scenes...
Running Evaluation for scene 3157
Selected device is: cuda
Creating Structured3D Dataset with 250 scenes...
Running Evaluation for scene 3158
Selected device is: cuda
Creating Structured3D Dataset with 250 scenes...
Running Evaluation for scene 3159
Selected device is: cuda
Creating Structured3D Dataset with 250 scenes...
Running Evaluation for scene 3160
Selected device is: cuda
Creating Structured3D Dataset with 250 scenes...
Running Evaluation for scene 3161
Selected device is: cuda
Creating Structured3D Dataset with 250 scenes...
Running Evaluation for scene 3162
Selected device is: cuda
Creating Structured3D Dataset with 250 scenes...
Running Evaluation for scene 3163
Selected device is: cuda
Creating Structured3D Dataset with 250 scenes...
Running Evaluation for scene 3164
Selected device is: cuda
Creating Structured3D Dataset with 250 scenes...
Running Evaluation for scene 3165
Selected device is: cuda
Creating Structured3D Dataset with 250 scenes...
Running Evaluation for scene 3166
Selected device is: cuda
Creating Structured3D Dataset with 250 scenes...
Running Evaluation for scene 3167
Selected device is: cuda
Creating Structured3D Dataset with 250 scenes...
Running Evaluation for scene 3168
Selected device is: cuda
Creating Structured3D Dataset with 250 scenes...
Running Evaluation for scene 3169
Selected device is: cuda
Creating Structured3D Dataset with 250 scenes...
Running Evaluation for scene 3170
Selected device is: cuda
Creating Structured3D Dataset with 250 scenes...
Running Evaluation for scene 3171
Selected device is: cuda
Creating Structured3D Dataset with 250 scenes...
Running Evaluation for scene 3172
Selected device is: cuda
Creating Structured3D Dataset with 250 scenes...
Running Evaluation for scene 3173
Selected device is: cuda
Creating Structured3D Dataset with 250 scenes...
Running Evaluation for scene 3174
Selected device is: cuda
Creating Structured3D Dataset with 250 scenes...
Running Evaluation for scene 3175
Selected device is: cuda
Creating Structured3D Dataset with 250 scenes...
Running Evaluation for scene 3176
Selected device is: cuda
Creating Structured3D Dataset with 250 scenes...
Running Evaluation for scene 3177
Selected device is: cuda
Creating Structured3D Dataset with 250 scenes...
Running Evaluation for scene 3178
Selected device is: cuda
Creating Structured3D Dataset with 250 scenes...
Running Evaluation for scene 3179
Selected device is: cuda
Creating Structured3D Dataset with 250 scenes...
Running Evaluation for scene 3180
Selected device is: cuda
Creating Structured3D Dataset with 250 scenes...
Running Evaluation for scene 3181
Selected device is: cuda
Creating Structured3D Dataset with 250 scenes...
Running Evaluation for scene 3182
Selected device is: cuda
Creating Structured3D Dataset with 250 scenes...
Running Evaluation for scene 3183
Selected device is: cuda
Creating Structured3D Dataset with 250 scenes...
Running Evaluation for scene 3184
Selected device is: cuda
Creating Structured3D Dataset with 250 scenes...
Running Evaluation for scene 3185
Selected device is: cuda
Creating Structured3D Dataset with 250 scenes...
Running Evaluation for scene 3186
Selected device is: cuda
Creating Structured3D Dataset with 250 scenes...
Running Evaluation for scene 3187
Selected device is: cuda
Creating Structured3D Dataset with 250 scenes...
Running Evaluation for scene 3188
Selected device is: cuda
Creating Structured3D Dataset with 250 scenes...
Running Evaluation for scene 3189
Selected device is: cuda
Creating Structured3D Dataset with 250 scenes...
Running Evaluation for scene 3190
Selected device is: cuda
Creating Structured3D Dataset with 250 scenes...
Running Evaluation for scene 3191
Selected device is: cuda
Creating Structured3D Dataset with 250 scenes...
Running Evaluation for scene 3193
Selected device is: cuda
Creating Structured3D Dataset with 250 scenes...
Running Evaluation for scene 3194
Selected device is: cuda
Creating Structured3D Dataset with 250 scenes...
Running Evaluation for scene 3195
Selected device is: cuda
Creating Structured3D Dataset with 250 scenes...
Running Evaluation for scene 3196
Selected device is: cuda
Creating Structured3D Dataset with 250 scenes...
Running Evaluation for scene 3197
Selected device is: cuda
Creating Structured3D Dataset with 250 scenes...
Running Evaluation for scene 3199
Selected device is: cuda
Creating Structured3D Dataset with 250 scenes...
Running Evaluation for scene 3200
Selected device is: cuda
Creating Structured3D Dataset with 250 scenes...
Running Evaluation for scene 3201
Selected device is: cuda
Creating Structured3D Dataset with 250 scenes...
Running Evaluation for scene 3202
Selected device is: cuda
Creating Structured3D Dataset with 250 scenes...
Running Evaluation for scene 3203
Selected device is: cuda
Creating Structured3D Dataset with 250 scenes...
Running Evaluation for scene 3204
Selected device is: cuda
Creating Structured3D Dataset with 250 scenes...
Running Evaluation for scene 3205
Selected device is: cuda
Creating Structured3D Dataset with 250 scenes...
Running Evaluation for scene 3206
Selected device is: cuda
Creating Structured3D Dataset with 250 scenes...
Running Evaluation for scene 3207
Selected device is: cuda
Creating Structured3D Dataset with 250 scenes...
Running Evaluation for scene 3208
Selected device is: cuda
Creating Structured3D Dataset with 250 scenes...
Running Evaluation for scene 3209
Selected device is: cuda
Creating Structured3D Dataset with 250 scenes...
Running Evaluation for scene 3210
Selected device is: cuda
Creating Structured3D Dataset with 250 scenes...
Running Evaluation for scene 3211
Selected device is: cuda
Creating Structured3D Dataset with 250 scenes...
Running Evaluation for scene 3212
Test:  [20/25]  eta: 0:00:03  room_prec: 0.0000 (0.0419)  room_rec: 0.0000 (0.0276)  corner_prec: 0.0000 (0.0160)  corner_rec: 0.0000 (0.0077)  angles_prec: 0.0000 (0.0140)  angles_rec: 0.0000 (0.0068)  loss: 1.1113 (1.1255)  loss_ce: 0.1904 (0.1942)  loss_coords: 0.4558 (0.4628)  loss_raster: 0.4684 (0.4685)  loss_ce_unscaled: 0.0952 (0.0971)  loss_coords_unscaled: 0.0912 (0.0926)  loss_raster_unscaled: 0.4684 (0.4685)  cardinality_error_unscaled: 17.8000 (17.3952)  loss_ce_0_unscaled: 0.6931 (0.6931)  loss_coords_0_unscaled: 0.1602 (0.1631)  loss_raster_0_unscaled: 0.7545 (0.7534)  cardinality_error_0_unscaled: 42.6000 (39.8714)  loss_ce_1_unscaled: 0.6931 (0.6931)  loss_coords_1_unscaled: 0.1306 (0.1338)  loss_raster_1_unscaled: 0.6745 (0.6778)  cardinality_error_1_unscaled: 42.6000 (39.8714)  loss_ce_2_unscaled: 0.6931 (0.6931)  loss_coords_2_unscaled: 0.1067 (0.1089)  loss_raster_2_unscaled: 0.5597 (0.5598)  cardinality_error_2_unscaled: 42.6000 (39.8714)  loss_ce_3_unscaled: 0.6931 (0.6931)  loss_coords_3_unscaled: 0.0946 (0.0957)  loss_raster_3_unscaled: 0.4835 (0.4900)  cardinality_error_3_unscaled: 42.6000 (39.8714)  loss_ce_4_unscaled: 0.6931 (0.6931)  loss_coords_4_unscaled: 0.0913 (0.0924)  loss_raster_4_unscaled: 0.4646 (0.4695)  cardinality_error_4_unscaled: 42.6000 (39.8714)  time: 0.6604  data: 0.0007  max mem: 8650
Selected device is: cuda
Creating Structured3D Dataset with 250 scenes...
Running Evaluation for scene 3213
Selected device is: cuda
Creating Structured3D Dataset with 250 scenes...
Running Evaluation for scene 3214
Selected device is: cuda
Creating Structured3D Dataset with 250 scenes...
Running Evaluation for scene 3215
Selected device is: cuda
Creating Structured3D Dataset with 250 scenes...
Running Evaluation for scene 3216
Selected device is: cuda
Creating Structured3D Dataset with 250 scenes...
Running Evaluation for scene 3217
Selected device is: cuda
Creating Structured3D Dataset with 250 scenes...
Running Evaluation for scene 3218
Selected device is: cuda
Creating Structured3D Dataset with 250 scenes...
Running Evaluation for scene 3219
Selected device is: cuda
Creating Structured3D Dataset with 250 scenes...
Running Evaluation for scene 3220
Selected device is: cuda
Creating Structured3D Dataset with 250 scenes...
Running Evaluation for scene 3221
Selected device is: cuda
Creating Structured3D Dataset with 250 scenes...
Running Evaluation for scene 3222
Selected device is: cuda
Creating Structured3D Dataset with 250 scenes...
Running Evaluation for scene 3223
Selected device is: cuda
Creating Structured3D Dataset with 250 scenes...
Running Evaluation for scene 3224
Selected device is: cuda
Creating Structured3D Dataset with 250 scenes...
Running Evaluation for scene 3225
Selected device is: cuda
Creating Structured3D Dataset with 250 scenes...
Running Evaluation for scene 3226
Selected device is: cuda
Creating Structured3D Dataset with 250 scenes...
Running Evaluation for scene 3227
Selected device is: cuda
Creating Structured3D Dataset with 250 scenes...
Running Evaluation for scene 3228
Selected device is: cuda
Creating Structured3D Dataset with 250 scenes...
Running Evaluation for scene 3229
Selected device is: cuda
Creating Structured3D Dataset with 250 scenes...
Running Evaluation for scene 3230
Selected device is: cuda
Creating Structured3D Dataset with 250 scenes...
Running Evaluation for scene 3231
Selected device is: cuda
Creating Structured3D Dataset with 250 scenes...
Running Evaluation for scene 3232
Selected device is: cuda
Creating Structured3D Dataset with 250 scenes...
Running Evaluation for scene 3233
Selected device is: cuda
Creating Structured3D Dataset with 250 scenes...
Running Evaluation for scene 3234
Selected device is: cuda
Creating Structured3D Dataset with 250 scenes...
Running Evaluation for scene 3235
Selected device is: cuda
Creating Structured3D Dataset with 250 scenes...
Running Evaluation for scene 3236
Selected device is: cuda
Creating Structured3D Dataset with 250 scenes...
Running Evaluation for scene 3237
Selected device is: cuda
Creating Structured3D Dataset with 250 scenes...
Running Evaluation for scene 3238
Selected device is: cuda
Creating Structured3D Dataset with 250 scenes...
Running Evaluation for scene 3239
Selected device is: cuda
Creating Structured3D Dataset with 250 scenes...
Running Evaluation for scene 3240
Selected device is: cuda
Creating Structured3D Dataset with 250 scenes...
Running Evaluation for scene 3241
Selected device is: cuda
Creating Structured3D Dataset with 250 scenes...
Running Evaluation for scene 3242
Selected device is: cuda
Creating Structured3D Dataset with 250 scenes...
Running Evaluation for scene 3243
Selected device is: cuda
Creating Structured3D Dataset with 250 scenes...
Running Evaluation for scene 3244
Selected device is: cuda
Creating Structured3D Dataset with 250 scenes...
Running Evaluation for scene 3245
Selected device is: cuda
Creating Structured3D Dataset with 250 scenes...
Running Evaluation for scene 3246
Selected device is: cuda
Creating Structured3D Dataset with 250 scenes...
Running Evaluation for scene 3247
Selected device is: cuda
Creating Structured3D Dataset with 250 scenes...
Running Evaluation for scene 3248
Selected device is: cuda
Creating Structured3D Dataset with 250 scenes...
Running Evaluation for scene 3249
Test:  [24/25]  eta: 0:00:00  room_prec: 0.0000 (0.0405)  room_rec: 0.0000 (0.0274)  corner_prec: 0.0000 (0.0146)  corner_rec: 0.0000 (0.0073)  angles_prec: 0.0000 (0.0130)  angles_rec: 0.0000 (0.0065)  loss: 1.1168 (1.1294)  loss_ce: 0.1904 (0.1940)  loss_coords: 0.4608 (0.4625)  loss_raster: 0.4811 (0.4728)  loss_ce_unscaled: 0.0952 (0.0970)  loss_coords_unscaled: 0.0922 (0.0925)  loss_raster_unscaled: 0.4811 (0.4728)  cardinality_error_unscaled: 17.2000 (17.2543)  loss_ce_0_unscaled: 0.6931 (0.6931)  loss_coords_0_unscaled: 0.1622 (0.1634)  loss_raster_0_unscaled: 0.7547 (0.7553)  cardinality_error_0_unscaled: 40.2000 (39.6543)  loss_ce_1_unscaled: 0.6931 (0.6931)  loss_coords_1_unscaled: 0.1329 (0.1340)  loss_raster_1_unscaled: 0.6771 (0.6786)  cardinality_error_1_unscaled: 40.2000 (39.6543)  loss_ce_2_unscaled: 0.6931 (0.6931)  loss_coords_2_unscaled: 0.1078 (0.1089)  loss_raster_2_unscaled: 0.5658 (0.5615)  cardinality_error_2_unscaled: 40.2000 (39.6543)  loss_ce_3_unscaled: 0.6931 (0.6931)  loss_coords_3_unscaled: 0.0946 (0.0956)  loss_raster_3_unscaled: 0.4978 (0.4929)  cardinality_error_3_unscaled: 40.2000 (39.6543)  loss_ce_4_unscaled: 0.6931 (0.6931)  loss_coords_4_unscaled: 0.0917 (0.0924)  loss_raster_4_unscaled: 0.4803 (0.4735)  cardinality_error_4_unscaled: 40.2000 (39.6543)  time: 0.6457  data: 0.0006  max mem: 8650
Test: Total time: 0:00:16 (0.6716 s / it)
Averaged stats: room_prec: 0.0000 (0.0405)  room_rec: 0.0000 (0.0274)  corner_prec: 0.0000 (0.0146)  corner_rec: 0.0000 (0.0073)  angles_prec: 0.0000 (0.0130)  angles_rec: 0.0000 (0.0065)  loss: 1.1168 (1.1294)  loss_ce: 0.1904 (0.1940)  loss_coords: 0.4608 (0.4625)  loss_raster: 0.4811 (0.4728)  loss_ce_unscaled: 0.0952 (0.0970)  loss_coords_unscaled: 0.0922 (0.0925)  loss_raster_unscaled: 0.4811 (0.4728)  cardinality_error_unscaled: 17.2000 (17.2543)  loss_ce_0_unscaled: 0.6931 (0.6931)  loss_coords_0_unscaled: 0.1622 (0.1634)  loss_raster_0_unscaled: 0.7547 (0.7553)  cardinality_error_0_unscaled: 40.2000 (39.6543)  loss_ce_1_unscaled: 0.6931 (0.6931)  loss_coords_1_unscaled: 0.1329 (0.1340)  loss_raster_1_unscaled: 0.6771 (0.6786)  cardinality_error_1_unscaled: 40.2000 (39.6543)  loss_ce_2_unscaled: 0.6931 (0.6931)  loss_coords_2_unscaled: 0.1078 (0.1089)  loss_raster_2_unscaled: 0.5658 (0.5615)  cardinality_error_2_unscaled: 40.2000 (39.6543)  loss_ce_3_unscaled: 0.6931 (0.6931)  loss_coords_3_unscaled: 0.0946 (0.0956)  loss_raster_3_unscaled: 0.4978 (0.4929)  cardinality_error_3_unscaled: 40.2000 (39.6543)  loss_ce_4_unscaled: 0.6931 (0.6931)  loss_coords_4_unscaled: 0.0917 (0.0924)  loss_raster_4_unscaled: 0.4803 (0.4735)  cardinality_error_4_unscaled: 40.2000 (39.6543)
Epoch: [1]  [  0/296]  eta: 0:05:16  lr: 0.000200  grad_norm: 2.84  loss: 1.1367 (1.1367)  loss_ce: 0.1905 (0.1905)  loss_coords: 0.4545 (0.4545)  loss_raster: 0.4917 (0.4917)  loss_ce_unscaled: 0.0953 (0.0953)  loss_coords_unscaled: 0.0909 (0.0909)  loss_raster_unscaled: 0.4917 (0.4917)  cardinality_error_unscaled: 29.2000 (29.2000)  loss_ce_0_unscaled: 0.6931 (0.6931)  loss_coords_0_unscaled: 0.1614 (0.1614)  loss_raster_0_unscaled: 0.7673 (0.7673)  cardinality_error_0_unscaled: 39.2000 (39.2000)  loss_ce_1_unscaled: 0.6931 (0.6931)  loss_coords_1_unscaled: 0.1337 (0.1337)  loss_raster_1_unscaled: 0.6777 (0.6777)  cardinality_error_1_unscaled: 39.2000 (39.2000)  loss_ce_2_unscaled: 0.6931 (0.6931)  loss_coords_2_unscaled: 0.1092 (0.1092)  loss_raster_2_unscaled: 0.5589 (0.5589)  cardinality_error_2_unscaled: 39.2000 (39.2000)  loss_ce_3_unscaled: 0.6931 (0.6931)  loss_coords_3_unscaled: 0.0962 (0.0962)  loss_raster_3_unscaled: 0.5066 (0.5066)  cardinality_error_3_unscaled: 39.2000 (39.2000)  loss_ce_4_unscaled: 0.6931 (0.6931)  loss_coords_4_unscaled: 0.0920 (0.0920)  loss_raster_4_unscaled: 0.4950 (0.4950)  cardinality_error_4_unscaled: 39.2000 (39.2000)  time: 1.0678  data: 0.5309  max mem: 8650
Epoch: [1]  [ 10/296]  eta: 0:02:23  lr: 0.000200  grad_norm: 3.08  loss: 1.1221 (1.1292)  loss_ce: 0.1905 (0.1955)  loss_coords: 0.4907 (0.4845)  loss_raster: 0.4552 (0.4491)  loss_ce_unscaled: 0.0953 (0.0978)  loss_coords_unscaled: 0.0981 (0.0969)  loss_raster_unscaled: 0.4552 (0.4491)  cardinality_error_unscaled: 19.7000 (21.1091)  loss_ce_0_unscaled: 0.6931 (0.6931)  loss_coords_0_unscaled: 0.1652 (0.1658)  loss_raster_0_unscaled: 0.7435 (0.7419)  cardinality_error_0_unscaled: 37.6000 (38.0727)  loss_ce_1_unscaled: 0.6931 (0.6931)  loss_coords_1_unscaled: 0.1374 (0.1379)  loss_raster_1_unscaled: 0.6762 (0.6580)  cardinality_error_1_unscaled: 37.6000 (38.0727)  loss_ce_2_unscaled: 0.6931 (0.6931)  loss_coords_2_unscaled: 0.1132 (0.1139)  loss_raster_2_unscaled: 0.5509 (0.5417)  cardinality_error_2_unscaled: 37.6000 (38.0727)  loss_ce_3_unscaled: 0.6931 (0.6931)  loss_coords_3_unscaled: 0.1011 (0.1011)  loss_raster_3_unscaled: 0.4832 (0.4768)  cardinality_error_3_unscaled: 37.6000 (38.0727)  loss_ce_4_unscaled: 0.6931 (0.6931)  loss_coords_4_unscaled: 0.0984 (0.0973)  loss_raster_4_unscaled: 0.4595 (0.4544)  cardinality_error_4_unscaled: 37.6000 (38.0727)  time: 0.5005  data: 0.0496  max mem: 8650
Epoch: [1]  [ 20/296]  eta: 0:02:08  lr: 0.000200  grad_norm: 1.95  loss: 1.1201 (1.1394)  loss_ce: 0.1888 (0.1933)  loss_coords: 0.4899 (0.4878)  loss_raster: 0.4732 (0.4583)  loss_ce_unscaled: 0.0944 (0.0966)  loss_coords_unscaled: 0.0980 (0.0976)  loss_raster_unscaled: 0.4732 (0.4583)  cardinality_error_unscaled: 19.2000 (20.9810)  loss_ce_0_unscaled: 0.6931 (0.6931)  loss_coords_0_unscaled: 0.1652 (0.1664)  loss_raster_0_unscaled: 0.7465 (0.7494)  cardinality_error_0_unscaled: 34.5000 (36.6619)  loss_ce_1_unscaled: 0.6931 (0.6931)  loss_coords_1_unscaled: 0.1374 (0.1381)  loss_raster_1_unscaled: 0.6762 (0.6680)  cardinality_error_1_unscaled: 34.5000 (36.6619)  loss_ce_2_unscaled: 0.6931 (0.6931)  loss_coords_2_unscaled: 0.1132 (0.1140)  loss_raster_2_unscaled: 0.5517 (0.5526)  cardinality_error_2_unscaled: 34.5000 (36.6619)  loss_ce_3_unscaled: 0.6931 (0.6931)  loss_coords_3_unscaled: 0.1011 (0.1012)  loss_raster_3_unscaled: 0.4910 (0.4866)  cardinality_error_3_unscaled: 34.5000 (36.6619)  loss_ce_4_unscaled: 0.6931 (0.6931)  loss_coords_4_unscaled: 0.0983 (0.0977)  loss_raster_4_unscaled: 0.4772 (0.4632)  cardinality_error_4_unscaled: 34.5000 (36.6619)  time: 0.4344  data: 0.0014  max mem: 8650
Epoch: [1]  [ 30/296]  eta: 0:02:01  lr: 0.000200  grad_norm: 2.19  loss: 1.1092 (1.1299)  loss_ce: 0.1889 (0.1934)  loss_coords: 0.4721 (0.4821)  loss_raster: 0.4693 (0.4544)  loss_ce_unscaled: 0.0945 (0.0967)  loss_coords_unscaled: 0.0944 (0.0964)  loss_raster_unscaled: 0.4693 (0.4544)  cardinality_error_unscaled: 18.6000 (22.1032)  loss_ce_0_unscaled: 0.6931 (0.6931)  loss_coords_0_unscaled: 0.1665 (0.1662)  loss_raster_0_unscaled: 0.7496 (0.7481)  cardinality_error_0_unscaled: 34.6000 (36.4355)  loss_ce_1_unscaled: 0.6931 (0.6931)  loss_coords_1_unscaled: 0.1360 (0.1374)  loss_raster_1_unscaled: 0.6710 (0.6679)  cardinality_error_1_unscaled: 34.6000 (36.4355)  loss_ce_2_unscaled: 0.6931 (0.6931)  loss_coords_2_unscaled: 0.1112 (0.1128)  loss_raster_2_unscaled: 0.5490 (0.5496)  cardinality_error_2_unscaled: 34.6000 (36.4355)  loss_ce_3_unscaled: 0.6931 (0.6931)  loss_coords_3_unscaled: 0.0984 (0.0999)  loss_raster_3_unscaled: 0.4910 (0.4831)  cardinality_error_3_unscaled: 34.6000 (36.4355)  loss_ce_4_unscaled: 0.6931 (0.6931)  loss_coords_4_unscaled: 0.0945 (0.0965)  loss_raster_4_unscaled: 0.4767 (0.4598)  cardinality_error_4_unscaled: 34.6000 (36.4355)  time: 0.4306  data: 0.0015  max mem: 8650
Epoch: [1]  [ 40/296]  eta: 0:01:56  lr: 0.000200  grad_norm: 1.89  loss: 1.1088 (1.1321)  loss_ce: 0.1895 (0.1926)  loss_coords: 0.4777 (0.4825)  loss_raster: 0.4400 (0.4571)  loss_ce_unscaled: 0.0947 (0.0963)  loss_coords_unscaled: 0.0955 (0.0965)  loss_raster_unscaled: 0.4400 (0.4571)  cardinality_error_unscaled: 24.6000 (22.2610)  loss_ce_0_unscaled: 0.6931 (0.6931)  loss_coords_0_unscaled: 0.1659 (0.1659)  loss_raster_0_unscaled: 0.7439 (0.7466)  cardinality_error_0_unscaled: 36.5000 (36.5585)  loss_ce_1_unscaled: 0.6931 (0.6931)  loss_coords_1_unscaled: 0.1364 (0.1370)  loss_raster_1_unscaled: 0.6562 (0.6682)  cardinality_error_1_unscaled: 36.5000 (36.5585)  loss_ce_2_unscaled: 0.6931 (0.6931)  loss_coords_2_unscaled: 0.1115 (0.1126)  loss_raster_2_unscaled: 0.5438 (0.5513)  cardinality_error_2_unscaled: 36.5000 (36.5585)  loss_ce_3_unscaled: 0.6931 (0.6931)  loss_coords_3_unscaled: 0.0986 (0.1000)  loss_raster_3_unscaled: 0.4772 (0.4856)  cardinality_error_3_unscaled: 36.5000 (36.5585)  loss_ce_4_unscaled: 0.6931 (0.6931)  loss_coords_4_unscaled: 0.0961 (0.0966)  loss_raster_4_unscaled: 0.4500 (0.4626)  cardinality_error_4_unscaled: 36.5000 (36.5585)  time: 0.4413  data: 0.0016  max mem: 8650
Epoch: [1]  [ 50/296]  eta: 0:01:50  lr: 0.000200  grad_norm: 4.44  loss: 1.0909 (1.1169)  loss_ce: 0.1828 (0.1914)  loss_coords: 0.4818 (0.4790)  loss_raster: 0.4334 (0.4465)  loss_ce_unscaled: 0.0914 (0.0957)  loss_coords_unscaled: 0.0964 (0.0958)  loss_raster_unscaled: 0.4334 (0.4465)  cardinality_error_unscaled: 25.5000 (23.5451)  loss_ce_0_unscaled: 0.6931 (0.6931)  loss_coords_0_unscaled: 0.1648 (0.1656)  loss_raster_0_unscaled: 0.7313 (0.7421)  cardinality_error_0_unscaled: 36.2000 (35.9549)  loss_ce_1_unscaled: 0.6931 (0.6931)  loss_coords_1_unscaled: 0.1364 (0.1364)  loss_raster_1_unscaled: 0.6540 (0.6625)  cardinality_error_1_unscaled: 36.2000 (35.9549)  loss_ce_2_unscaled: 0.6931 (0.6931)  loss_coords_2_unscaled: 0.1135 (0.1120)  loss_raster_2_unscaled: 0.5352 (0.5439)  cardinality_error_2_unscaled: 36.2000 (35.9549)  loss_ce_3_unscaled: 0.6931 (0.6931)  loss_coords_3_unscaled: 0.0994 (0.0993)  loss_raster_3_unscaled: 0.4566 (0.4754)  cardinality_error_3_unscaled: 36.2000 (35.9549)  loss_ce_4_unscaled: 0.6931 (0.6931)  loss_coords_4_unscaled: 0.0967 (0.0959)  loss_raster_4_unscaled: 0.4350 (0.4516)  cardinality_error_4_unscaled: 36.2000 (35.9549)  time: 0.4394  data: 0.0015  max mem: 8650
Epoch: [1]  [ 60/296]  eta: 0:01:45  lr: 0.000200  grad_norm: 2.94  loss: 1.0245 (1.1089)  loss_ce: 0.1810 (0.1907)  loss_coords: 0.4492 (0.4751)  loss_raster: 0.4130 (0.4431)  loss_ce_unscaled: 0.0905 (0.0953)  loss_coords_unscaled: 0.0898 (0.0950)  loss_raster_unscaled: 0.4130 (0.4431)  cardinality_error_unscaled: 20.5000 (22.7967)  loss_ce_0_unscaled: 0.6931 (0.6931)  loss_coords_0_unscaled: 0.1628 (0.1649)  loss_raster_0_unscaled: 0.7305 (0.7393)  cardinality_error_0_unscaled: 34.3000 (35.8557)  loss_ce_1_unscaled: 0.6931 (0.6931)  loss_coords_1_unscaled: 0.1330 (0.1356)  loss_raster_1_unscaled: 0.6344 (0.6588)  cardinality_error_1_unscaled: 34.3000 (35.8557)  loss_ce_2_unscaled: 0.6931 (0.6931)  loss_coords_2_unscaled: 0.1067 (0.1111)  loss_raster_2_unscaled: 0.5166 (0.5404)  cardinality_error_2_unscaled: 34.3000 (35.8557)  loss_ce_3_unscaled: 0.6931 (0.6931)  loss_coords_3_unscaled: 0.0937 (0.0986)  loss_raster_3_unscaled: 0.4440 (0.4723)  cardinality_error_3_unscaled: 34.3000 (35.8557)  loss_ce_4_unscaled: 0.6931 (0.6931)  loss_coords_4_unscaled: 0.0899 (0.0952)  loss_raster_4_unscaled: 0.4187 (0.4484)  cardinality_error_4_unscaled: 34.3000 (35.8557)  time: 0.4336  data: 0.0014  max mem: 8650
Epoch: [1]  [ 70/296]  eta: 0:01:40  lr: 0.000200  grad_norm: 3.13  loss: 1.0924 (1.1076)  loss_ce: 0.1796 (0.1889)  loss_coords: 0.4662 (0.4763)  loss_raster: 0.4195 (0.4424)  loss_ce_unscaled: 0.0898 (0.0945)  loss_coords_unscaled: 0.0932 (0.0953)  loss_raster_unscaled: 0.4195 (0.4424)  cardinality_error_unscaled: 19.5000 (22.7676)  loss_ce_0_unscaled: 0.6931 (0.6931)  loss_coords_0_unscaled: 0.1609 (0.1651)  loss_raster_0_unscaled: 0.7329 (0.7378)  cardinality_error_0_unscaled: 33.8000 (35.5141)  loss_ce_1_unscaled: 0.6931 (0.6931)  loss_coords_1_unscaled: 0.1319 (0.1356)  loss_raster_1_unscaled: 0.6474 (0.6580)  cardinality_error_1_unscaled: 33.8000 (35.5141)  loss_ce_2_unscaled: 0.6931 (0.6931)  loss_coords_2_unscaled: 0.1082 (0.1113)  loss_raster_2_unscaled: 0.5326 (0.5397)  cardinality_error_2_unscaled: 33.8000 (35.5141)  loss_ce_3_unscaled: 0.6931 (0.6931)  loss_coords_3_unscaled: 0.0966 (0.0989)  loss_raster_3_unscaled: 0.4570 (0.4716)  cardinality_error_3_unscaled: 33.8000 (35.5141)  loss_ce_4_unscaled: 0.6931 (0.6931)  loss_coords_4_unscaled: 0.0947 (0.0955)  loss_raster_4_unscaled: 0.4257 (0.4477)  cardinality_error_4_unscaled: 33.8000 (35.5141)  time: 0.4265  data: 0.0014  max mem: 8650
Epoch: [1]  [ 80/296]  eta: 0:01:35  lr: 0.000200  grad_norm: 2.29  loss: 1.1196 (1.1086)  loss_ce: 0.1796 (0.1876)  loss_coords: 0.4672 (0.4771)  loss_raster: 0.4649 (0.4439)  loss_ce_unscaled: 0.0898 (0.0938)  loss_coords_unscaled: 0.0934 (0.0954)  loss_raster_unscaled: 0.4649 (0.4439)  cardinality_error_unscaled: 20.1000 (22.4519)  loss_ce_0_unscaled: 0.6931 (0.6931)  loss_coords_0_unscaled: 0.1611 (0.1646)  loss_raster_0_unscaled: 0.7330 (0.7368)  cardinality_error_0_unscaled: 33.8000 (35.5173)  loss_ce_1_unscaled: 0.6931 (0.6931)  loss_coords_1_unscaled: 0.1323 (0.1352)  loss_raster_1_unscaled: 0.6556 (0.6583)  cardinality_error_1_unscaled: 33.8000 (35.5173)  loss_ce_2_unscaled: 0.6931 (0.6931)  loss_coords_2_unscaled: 0.1087 (0.1110)  loss_raster_2_unscaled: 0.5380 (0.5403)  cardinality_error_2_unscaled: 33.8000 (35.5173)  loss_ce_3_unscaled: 0.6931 (0.6931)  loss_coords_3_unscaled: 0.0980 (0.0988)  loss_raster_3_unscaled: 0.4808 (0.4728)  cardinality_error_3_unscaled: 33.8000 (35.5173)  loss_ce_4_unscaled: 0.6931 (0.6931)  loss_coords_4_unscaled: 0.0947 (0.0955)  loss_raster_4_unscaled: 0.4642 (0.4493)  cardinality_error_4_unscaled: 33.8000 (35.5173)  time: 0.4294  data: 0.0014  max mem: 8650
Epoch: [1]  [ 90/296]  eta: 0:01:30  lr: 0.000200  grad_norm: 1.89  loss: 1.1217 (1.1129)  loss_ce: 0.1860 (0.1890)  loss_coords: 0.4890 (0.4793)  loss_raster: 0.4486 (0.4446)  loss_ce_unscaled: 0.0930 (0.0945)  loss_coords_unscaled: 0.0978 (0.0959)  loss_raster_unscaled: 0.4486 (0.4446)  cardinality_error_unscaled: 22.9000 (22.8429)  loss_ce_0_unscaled: 0.6931 (0.6931)  loss_coords_0_unscaled: 0.1616 (0.1649)  loss_raster_0_unscaled: 0.7347 (0.7372)  cardinality_error_0_unscaled: 35.4000 (35.4747)  loss_ce_1_unscaled: 0.6931 (0.6931)  loss_coords_1_unscaled: 0.1349 (0.1357)  loss_raster_1_unscaled: 0.6605 (0.6583)  cardinality_error_1_unscaled: 35.4000 (35.4747)  loss_ce_2_unscaled: 0.6931 (0.6931)  loss_coords_2_unscaled: 0.1114 (0.1116)  loss_raster_2_unscaled: 0.5385 (0.5408)  cardinality_error_2_unscaled: 35.4000 (35.4747)  loss_ce_3_unscaled: 0.6931 (0.6931)  loss_coords_3_unscaled: 0.1010 (0.0994)  loss_raster_3_unscaled: 0.4813 (0.4736)  cardinality_error_3_unscaled: 35.4000 (35.4747)  loss_ce_4_unscaled: 0.6931 (0.6931)  loss_coords_4_unscaled: 0.0981 (0.0960)  loss_raster_4_unscaled: 0.4523 (0.4500)  cardinality_error_4_unscaled: 35.4000 (35.4747)  time: 0.4338  data: 0.0014  max mem: 8650
Epoch: [1]  [100/296]  eta: 0:01:26  lr: 0.000200  grad_norm: 4.28  loss: 1.0907 (1.1113)  loss_ce: 0.1955 (0.1892)  loss_coords: 0.4891 (0.4788)  loss_raster: 0.4177 (0.4433)  loss_ce_unscaled: 0.0977 (0.0946)  loss_coords_unscaled: 0.0978 (0.0958)  loss_raster_unscaled: 0.4177 (0.4433)  cardinality_error_unscaled: 26.5000 (23.2545)  loss_ce_0_unscaled: 0.6931 (0.6931)  loss_coords_0_unscaled: 0.1620 (0.1646)  loss_raster_0_unscaled: 0.7285 (0.7358)  cardinality_error_0_unscaled: 34.8000 (35.5347)  loss_ce_1_unscaled: 0.6931 (0.6931)  loss_coords_1_unscaled: 0.1349 (0.1355)  loss_raster_1_unscaled: 0.6478 (0.6561)  cardinality_error_1_unscaled: 34.8000 (35.5347)  loss_ce_2_unscaled: 0.6931 (0.6931)  loss_coords_2_unscaled: 0.1129 (0.1114)  loss_raster_2_unscaled: 0.5208 (0.5386)  cardinality_error_2_unscaled: 34.8000 (35.5347)  loss_ce_3_unscaled: 0.6931 (0.6931)  loss_coords_3_unscaled: 0.1010 (0.0992)  loss_raster_3_unscaled: 0.4450 (0.4715)  cardinality_error_3_unscaled: 34.8000 (35.5347)  loss_ce_4_unscaled: 0.6931 (0.6931)  loss_coords_4_unscaled: 0.0981 (0.0959)  loss_raster_4_unscaled: 0.4229 (0.4484)  cardinality_error_4_unscaled: 34.8000 (35.5347)  time: 0.4311  data: 0.0014  max mem: 8650
Epoch: [1]  [110/296]  eta: 0:01:21  lr: 0.000200  grad_norm: 5.22  loss: 1.0756 (1.1117)  loss_ce: 0.1819 (0.1890)  loss_coords: 0.4663 (0.4776)  loss_raster: 0.4433 (0.4452)  loss_ce_unscaled: 0.0910 (0.0945)  loss_coords_unscaled: 0.0933 (0.0955)  loss_raster_unscaled: 0.4433 (0.4452)  cardinality_error_unscaled: 26.4000 (23.4514)  loss_ce_0_unscaled: 0.6931 (0.6931)  loss_coords_0_unscaled: 0.1610 (0.1643)  loss_raster_0_unscaled: 0.7392 (0.7372)  cardinality_error_0_unscaled: 35.4000 (35.4658)  loss_ce_1_unscaled: 0.6931 (0.6931)  loss_coords_1_unscaled: 0.1313 (0.1352)  loss_raster_1_unscaled: 0.6511 (0.6581)  cardinality_error_1_unscaled: 35.4000 (35.4658)  loss_ce_2_unscaled: 0.6931 (0.6931)  loss_coords_2_unscaled: 0.1074 (0.1111)  loss_raster_2_unscaled: 0.5497 (0.5407)  cardinality_error_2_unscaled: 35.4000 (35.4658)  loss_ce_3_unscaled: 0.6931 (0.6931)  loss_coords_3_unscaled: 0.0962 (0.0989)  loss_raster_3_unscaled: 0.4605 (0.4732)  cardinality_error_3_unscaled: 35.4000 (35.4658)  loss_ce_4_unscaled: 0.6931 (0.6931)  loss_coords_4_unscaled: 0.0940 (0.0956)  loss_raster_4_unscaled: 0.4468 (0.4502)  cardinality_error_4_unscaled: 35.4000 (35.4658)  time: 0.4324  data: 0.0015  max mem: 8650
Epoch: [1]  [120/296]  eta: 0:01:17  lr: 0.000200  grad_norm: 3.45  loss: 1.1003 (1.1134)  loss_ce: 0.1833 (0.1895)  loss_coords: 0.4744 (0.4779)  loss_raster: 0.4697 (0.4460)  loss_ce_unscaled: 0.0917 (0.0948)  loss_coords_unscaled: 0.0949 (0.0956)  loss_raster_unscaled: 0.4697 (0.4460)  cardinality_error_unscaled: 21.4000 (23.1810)  loss_ce_0_unscaled: 0.6931 (0.6931)  loss_coords_0_unscaled: 0.1632 (0.1644)  loss_raster_0_unscaled: 0.7509 (0.7378)  cardinality_error_0_unscaled: 35.4000 (35.6050)  loss_ce_1_unscaled: 0.6931 (0.6931)  loss_coords_1_unscaled: 0.1313 (0.1351)  loss_raster_1_unscaled: 0.6675 (0.6590)  cardinality_error_1_unscaled: 35.4000 (35.6050)  loss_ce_2_unscaled: 0.6931 (0.6931)  loss_coords_2_unscaled: 0.1096 (0.1110)  loss_raster_2_unscaled: 0.5527 (0.5414)  cardinality_error_2_unscaled: 35.4000 (35.6050)  loss_ce_3_unscaled: 0.6931 (0.6931)  loss_coords_3_unscaled: 0.0975 (0.0988)  loss_raster_3_unscaled: 0.4842 (0.4735)  cardinality_error_3_unscaled: 35.4000 (35.6050)  loss_ce_4_unscaled: 0.6931 (0.6931)  loss_coords_4_unscaled: 0.0947 (0.0957)  loss_raster_4_unscaled: 0.4697 (0.4509)  cardinality_error_4_unscaled: 35.4000 (35.6050)  time: 0.4431  data: 0.0015  max mem: 8650
Epoch: [1]  [130/296]  eta: 0:01:13  lr: 0.000200  grad_norm: 1.77  loss: 1.1003 (1.1115)  loss_ce: 0.1865 (0.1895)  loss_coords: 0.4765 (0.4775)  loss_raster: 0.4443 (0.4446)  loss_ce_unscaled: 0.0932 (0.0947)  loss_coords_unscaled: 0.0953 (0.0955)  loss_raster_unscaled: 0.4443 (0.4446)  cardinality_error_unscaled: 21.3000 (23.3443)  loss_ce_0_unscaled: 0.6931 (0.6931)  loss_coords_0_unscaled: 0.1641 (0.1643)  loss_raster_0_unscaled: 0.7380 (0.7375)  cardinality_error_0_unscaled: 35.0000 (35.5656)  loss_ce_1_unscaled: 0.6931 (0.6931)  loss_coords_1_unscaled: 0.1338 (0.1349)  loss_raster_1_unscaled: 0.6623 (0.6582)  cardinality_error_1_unscaled: 35.0000 (35.5656)  loss_ce_2_unscaled: 0.6931 (0.6931)  loss_coords_2_unscaled: 0.1096 (0.1108)  loss_raster_2_unscaled: 0.5309 (0.5398)  cardinality_error_2_unscaled: 35.0000 (35.5656)  loss_ce_3_unscaled: 0.6931 (0.6931)  loss_coords_3_unscaled: 0.0975 (0.0987)  loss_raster_3_unscaled: 0.4702 (0.4719)  cardinality_error_3_unscaled: 35.0000 (35.5656)  loss_ce_4_unscaled: 0.6931 (0.6931)  loss_coords_4_unscaled: 0.0957 (0.0956)  loss_raster_4_unscaled: 0.4483 (0.4495)  cardinality_error_4_unscaled: 35.0000 (35.5656)  time: 0.4455  data: 0.0014  max mem: 8650
Epoch: [1]  [140/296]  eta: 0:01:08  lr: 0.000200  grad_norm: 2.93  loss: 1.0849 (1.1108)  loss_ce: 0.1799 (0.1888)  loss_coords: 0.4626 (0.4764)  loss_raster: 0.4436 (0.4457)  loss_ce_unscaled: 0.0899 (0.0944)  loss_coords_unscaled: 0.0925 (0.0953)  loss_raster_unscaled: 0.4436 (0.4457)  cardinality_error_unscaled: 24.8000 (23.3787)  loss_ce_0_unscaled: 0.6931 (0.6931)  loss_coords_0_unscaled: 0.1630 (0.1641)  loss_raster_0_unscaled: 0.7344 (0.7378)  cardinality_error_0_unscaled: 35.4000 (35.5603)  loss_ce_1_unscaled: 0.6931 (0.6931)  loss_coords_1_unscaled: 0.1311 (0.1346)  loss_raster_1_unscaled: 0.6545 (0.6586)  cardinality_error_1_unscaled: 35.4000 (35.5603)  loss_ce_2_unscaled: 0.6931 (0.6931)  loss_coords_2_unscaled: 0.1068 (0.1105)  loss_raster_2_unscaled: 0.5278 (0.5401)  cardinality_error_2_unscaled: 35.4000 (35.5603)  loss_ce_3_unscaled: 0.6931 (0.6931)  loss_coords_3_unscaled: 0.0960 (0.0985)  loss_raster_3_unscaled: 0.4702 (0.4727)  cardinality_error_3_unscaled: 35.4000 (35.5603)  loss_ce_4_unscaled: 0.6931 (0.6931)  loss_coords_4_unscaled: 0.0931 (0.0954)  loss_raster_4_unscaled: 0.4483 (0.4505)  cardinality_error_4_unscaled: 35.4000 (35.5603)  time: 0.4355  data: 0.0014  max mem: 8650
Epoch: [1]  [150/296]  eta: 0:01:04  lr: 0.000200  grad_norm: 2.98  loss: 1.0886 (1.1105)  loss_ce: 0.1853 (0.1894)  loss_coords: 0.4689 (0.4767)  loss_raster: 0.4525 (0.4444)  loss_ce_unscaled: 0.0926 (0.0947)  loss_coords_unscaled: 0.0938 (0.0953)  loss_raster_unscaled: 0.4525 (0.4444)  cardinality_error_unscaled: 22.9000 (23.3305)  loss_ce_0_unscaled: 0.6931 (0.6931)  loss_coords_0_unscaled: 0.1646 (0.1643)  loss_raster_0_unscaled: 0.7344 (0.7380)  cardinality_error_0_unscaled: 35.4000 (35.5960)  loss_ce_1_unscaled: 0.6931 (0.6931)  loss_coords_1_unscaled: 0.1340 (0.1348)  loss_raster_1_unscaled: 0.6586 (0.6585)  cardinality_error_1_unscaled: 35.4000 (35.5960)  loss_ce_2_unscaled: 0.6931 (0.6931)  loss_coords_2_unscaled: 0.1088 (0.1106)  loss_raster_2_unscaled: 0.5363 (0.5395)  cardinality_error_2_unscaled: 35.4000 (35.5960)  loss_ce_3_unscaled: 0.6931 (0.6931)  loss_coords_3_unscaled: 0.0977 (0.0986)  loss_raster_3_unscaled: 0.4748 (0.4715)  cardinality_error_3_unscaled: 35.4000 (35.5960)  loss_ce_4_unscaled: 0.6931 (0.6931)  loss_coords_4_unscaled: 0.0942 (0.0955)  loss_raster_4_unscaled: 0.4571 (0.4492)  cardinality_error_4_unscaled: 35.4000 (35.5960)  time: 0.4325  data: 0.0014  max mem: 8650
Epoch: [1]  [160/296]  eta: 0:00:59  lr: 0.000200  grad_norm: 4.06  loss: 1.1124 (1.1110)  loss_ce: 0.1921 (0.1897)  loss_coords: 0.4767 (0.4767)  loss_raster: 0.4322 (0.4446)  loss_ce_unscaled: 0.0960 (0.0949)  loss_coords_unscaled: 0.0953 (0.0953)  loss_raster_unscaled: 0.4322 (0.4446)  cardinality_error_unscaled: 22.9000 (23.5925)  loss_ce_0_unscaled: 0.6931 (0.6931)  loss_coords_0_unscaled: 0.1648 (0.1641)  loss_raster_0_unscaled: 0.7314 (0.7381)  cardinality_error_0_unscaled: 35.2000 (35.6609)  loss_ce_1_unscaled: 0.6931 (0.6931)  loss_coords_1_unscaled: 0.1340 (0.1347)  loss_raster_1_unscaled: 0.6586 (0.6586)  cardinality_error_1_unscaled: 35.2000 (35.6609)  loss_ce_2_unscaled: 0.6931 (0.6931)  loss_coords_2_unscaled: 0.1079 (0.1105)  loss_raster_2_unscaled: 0.5405 (0.5398)  cardinality_error_2_unscaled: 35.2000 (35.6609)  loss_ce_3_unscaled: 0.6931 (0.6931)  loss_coords_3_unscaled: 0.0984 (0.0986)  loss_raster_3_unscaled: 0.4709 (0.4717)  cardinality_error_3_unscaled: 35.2000 (35.6609)  loss_ce_4_unscaled: 0.6931 (0.6931)  loss_coords_4_unscaled: 0.0954 (0.0955)  loss_raster_4_unscaled: 0.4397 (0.4493)  cardinality_error_4_unscaled: 35.2000 (35.6609)  time: 0.4346  data: 0.0014  max mem: 8650
Epoch: [1]  [170/296]  eta: 0:00:55  lr: 0.000200  grad_norm: 1.87  loss: 1.0720 (1.1088)  loss_ce: 0.1906 (0.1900)  loss_coords: 0.4725 (0.4760)  loss_raster: 0.4194 (0.4427)  loss_ce_unscaled: 0.0953 (0.0950)  loss_coords_unscaled: 0.0945 (0.0952)  loss_raster_unscaled: 0.4194 (0.4427)  cardinality_error_unscaled: 26.6000 (23.7684)  loss_ce_0_unscaled: 0.6931 (0.6931)  loss_coords_0_unscaled: 0.1631 (0.1642)  loss_raster_0_unscaled: 0.7320 (0.7382)  cardinality_error_0_unscaled: 35.2000 (35.7070)  loss_ce_1_unscaled: 0.6931 (0.6931)  loss_coords_1_unscaled: 0.1331 (0.1347)  loss_raster_1_unscaled: 0.6569 (0.6580)  cardinality_error_1_unscaled: 35.2000 (35.7070)  loss_ce_2_unscaled: 0.6931 (0.6931)  loss_coords_2_unscaled: 0.1079 (0.1104)  loss_raster_2_unscaled: 0.5210 (0.5385)  cardinality_error_2_unscaled: 35.2000 (35.7070)  loss_ce_3_unscaled: 0.6931 (0.6931)  loss_coords_3_unscaled: 0.0967 (0.0984)  loss_raster_3_unscaled: 0.4438 (0.4699)  cardinality_error_3_unscaled: 35.2000 (35.7070)  loss_ce_4_unscaled: 0.6931 (0.6931)  loss_coords_4_unscaled: 0.0938 (0.0953)  loss_raster_4_unscaled: 0.4218 (0.4475)  cardinality_error_4_unscaled: 35.2000 (35.7070)  time: 0.4375  data: 0.0013  max mem: 8650
Epoch: [1]  [180/296]  eta: 0:00:50  lr: 0.000200  grad_norm: 2.20  loss: 1.0720 (1.1084)  loss_ce: 0.1917 (0.1903)  loss_coords: 0.4700 (0.4756)  loss_raster: 0.4184 (0.4425)  loss_ce_unscaled: 0.0958 (0.0952)  loss_coords_unscaled: 0.0940 (0.0951)  loss_raster_unscaled: 0.4184 (0.4425)  cardinality_error_unscaled: 23.6000 (23.7033)  loss_ce_0_unscaled: 0.6931 (0.6931)  loss_coords_0_unscaled: 0.1620 (0.1641)  loss_raster_0_unscaled: 0.7364 (0.7378)  cardinality_error_0_unscaled: 35.8000 (35.7840)  loss_ce_1_unscaled: 0.6931 (0.6931)  loss_coords_1_unscaled: 0.1321 (0.1346)  loss_raster_1_unscaled: 0.6450 (0.6574)  cardinality_error_1_unscaled: 35.8000 (35.7840)  loss_ce_2_unscaled: 0.6931 (0.6931)  loss_coords_2_unscaled: 0.1066 (0.1103)  loss_raster_2_unscaled: 0.5209 (0.5379)  cardinality_error_2_unscaled: 35.8000 (35.7840)  loss_ce_3_unscaled: 0.6931 (0.6931)  loss_coords_3_unscaled: 0.0961 (0.0983)  loss_raster_3_unscaled: 0.4438 (0.4694)  cardinality_error_3_unscaled: 35.8000 (35.7840)  loss_ce_4_unscaled: 0.6931 (0.6931)  loss_coords_4_unscaled: 0.0938 (0.0952)  loss_raster_4_unscaled: 0.4218 (0.4472)  cardinality_error_4_unscaled: 35.8000 (35.7840)  time: 0.4399  data: 0.0013  max mem: 8650
Epoch: [1]  [190/296]  eta: 0:00:46  lr: 0.000200  grad_norm: 3.44  loss: 1.1081 (1.1089)  loss_ce: 0.1969 (0.1907)  loss_coords: 0.4698 (0.4756)  loss_raster: 0.4410 (0.4426)  loss_ce_unscaled: 0.0984 (0.0954)  loss_coords_unscaled: 0.0940 (0.0951)  loss_raster_unscaled: 0.4410 (0.4426)  cardinality_error_unscaled: 21.9000 (23.5628)  loss_ce_0_unscaled: 0.6931 (0.6931)  loss_coords_0_unscaled: 0.1634 (0.1642)  loss_raster_0_unscaled: 0.7364 (0.7380)  cardinality_error_0_unscaled: 35.8000 (35.7948)  loss_ce_1_unscaled: 0.6931 (0.6931)  loss_coords_1_unscaled: 0.1341 (0.1346)  loss_raster_1_unscaled: 0.6551 (0.6580)  cardinality_error_1_unscaled: 35.8000 (35.7948)  loss_ce_2_unscaled: 0.6931 (0.6931)  loss_coords_2_unscaled: 0.1088 (0.1103)  loss_raster_2_unscaled: 0.5333 (0.5386)  cardinality_error_2_unscaled: 35.8000 (35.7948)  loss_ce_3_unscaled: 0.6931 (0.6931)  loss_coords_3_unscaled: 0.0961 (0.0983)  loss_raster_3_unscaled: 0.4721 (0.4698)  cardinality_error_3_unscaled: 35.8000 (35.7948)  loss_ce_4_unscaled: 0.6931 (0.6931)  loss_coords_4_unscaled: 0.0938 (0.0952)  loss_raster_4_unscaled: 0.4515 (0.4474)  cardinality_error_4_unscaled: 35.8000 (35.7948)  time: 0.4383  data: 0.0014  max mem: 8650
Epoch: [1]  [200/296]  eta: 0:00:42  lr: 0.000200  grad_norm: 2.23  loss: 1.1081 (1.1081)  loss_ce: 0.1989 (0.1910)  loss_coords: 0.4573 (0.4750)  loss_raster: 0.4406 (0.4420)  loss_ce_unscaled: 0.0995 (0.0955)  loss_coords_unscaled: 0.0915 (0.0950)  loss_raster_unscaled: 0.4406 (0.4420)  cardinality_error_unscaled: 25.9000 (23.8572)  loss_ce_0_unscaled: 0.6931 (0.6931)  loss_coords_0_unscaled: 0.1667 (0.1641)  loss_raster_0_unscaled: 0.7387 (0.7381)  cardinality_error_0_unscaled: 35.6000 (35.7393)  loss_ce_1_unscaled: 0.6931 (0.6931)  loss_coords_1_unscaled: 0.1341 (0.1345)  loss_raster_1_unscaled: 0.6561 (0.6577)  cardinality_error_1_unscaled: 35.6000 (35.7393)  loss_ce_2_unscaled: 0.6931 (0.6931)  loss_coords_2_unscaled: 0.1091 (0.1102)  loss_raster_2_unscaled: 0.5351 (0.5381)  cardinality_error_2_unscaled: 35.6000 (35.7393)  loss_ce_3_unscaled: 0.6931 (0.6931)  loss_coords_3_unscaled: 0.0972 (0.0981)  loss_raster_3_unscaled: 0.4766 (0.4692)  cardinality_error_3_unscaled: 35.6000 (35.7393)  loss_ce_4_unscaled: 0.6931 (0.6931)  loss_coords_4_unscaled: 0.0924 (0.0951)  loss_raster_4_unscaled: 0.4515 (0.4468)  cardinality_error_4_unscaled: 35.6000 (35.7393)  time: 0.4397  data: 0.0015  max mem: 8650
Epoch: [1]  [210/296]  eta: 0:00:37  lr: 0.000200  grad_norm: 4.09  loss: 1.0902 (1.1071)  loss_ce: 0.1904 (0.1909)  loss_coords: 0.4626 (0.4751)  loss_raster: 0.4249 (0.4411)  loss_ce_unscaled: 0.0952 (0.0955)  loss_coords_unscaled: 0.0925 (0.0950)  loss_raster_unscaled: 0.4249 (0.4411)  cardinality_error_unscaled: 25.5000 (23.8536)  loss_ce_0_unscaled: 0.6931 (0.6931)  loss_coords_0_unscaled: 0.1611 (0.1642)  loss_raster_0_unscaled: 0.7342 (0.7375)  cardinality_error_0_unscaled: 34.8000 (35.6052)  loss_ce_1_unscaled: 0.6931 (0.6931)  loss_coords_1_unscaled: 0.1314 (0.1346)  loss_raster_1_unscaled: 0.6454 (0.6566)  cardinality_error_1_unscaled: 34.8000 (35.6052)  loss_ce_2_unscaled: 0.6931 (0.6931)  loss_coords_2_unscaled: 0.1066 (0.1102)  loss_raster_2_unscaled: 0.5268 (0.5369)  cardinality_error_2_unscaled: 34.8000 (35.6052)  loss_ce_3_unscaled: 0.6931 (0.6931)  loss_coords_3_unscaled: 0.0953 (0.0982)  loss_raster_3_unscaled: 0.4501 (0.4682)  cardinality_error_3_unscaled: 34.8000 (35.6052)  loss_ce_4_unscaled: 0.6931 (0.6931)  loss_coords_4_unscaled: 0.0924 (0.0951)  loss_raster_4_unscaled: 0.4310 (0.4459)  cardinality_error_4_unscaled: 34.8000 (35.6052)  time: 0.4302  data: 0.0014  max mem: 8650
Epoch: [1]  [220/296]  eta: 0:00:33  lr: 0.000200  grad_norm: 1.88  loss: 1.0902 (1.1053)  loss_ce: 0.1787 (0.1905)  loss_coords: 0.4651 (0.4743)  loss_raster: 0.4376 (0.4405)  loss_ce_unscaled: 0.0893 (0.0952)  loss_coords_unscaled: 0.0930 (0.0949)  loss_raster_unscaled: 0.4376 (0.4405)  cardinality_error_unscaled: 24.1000 (23.8792)  loss_ce_0_unscaled: 0.6931 (0.6931)  loss_coords_0_unscaled: 0.1609 (0.1641)  loss_raster_0_unscaled: 0.7159 (0.7369)  cardinality_error_0_unscaled: 34.6000 (35.5656)  loss_ce_1_unscaled: 0.6931 (0.6931)  loss_coords_1_unscaled: 0.1308 (0.1344)  loss_raster_1_unscaled: 0.6463 (0.6560)  cardinality_error_1_unscaled: 34.6000 (35.5656)  loss_ce_2_unscaled: 0.6931 (0.6931)  loss_coords_2_unscaled: 0.1066 (0.1100)  loss_raster_2_unscaled: 0.5342 (0.5362)  cardinality_error_2_unscaled: 34.6000 (35.5656)  loss_ce_3_unscaled: 0.6931 (0.6931)  loss_coords_3_unscaled: 0.0953 (0.0980)  loss_raster_3_unscaled: 0.4603 (0.4676)  cardinality_error_3_unscaled: 34.6000 (35.5656)  loss_ce_4_unscaled: 0.6931 (0.6931)  loss_coords_4_unscaled: 0.0928 (0.0950)  loss_raster_4_unscaled: 0.4352 (0.4453)  cardinality_error_4_unscaled: 34.6000 (35.5656)  time: 0.4233  data: 0.0013  max mem: 8650
Epoch: [1]  [230/296]  eta: 0:00:28  lr: 0.000200  grad_norm: 2.32  loss: 1.1093 (1.1051)  loss_ce: 0.1787 (0.1906)  loss_coords: 0.4707 (0.4742)  loss_raster: 0.4440 (0.4402)  loss_ce_unscaled: 0.0893 (0.0953)  loss_coords_unscaled: 0.0941 (0.0948)  loss_raster_unscaled: 0.4440 (0.4402)  cardinality_error_unscaled: 24.8000 (23.9229)  loss_ce_0_unscaled: 0.6931 (0.6931)  loss_coords_0_unscaled: 0.1603 (0.1640)  loss_raster_0_unscaled: 0.7262 (0.7364)  cardinality_error_0_unscaled: 35.8000 (35.6203)  loss_ce_1_unscaled: 0.6931 (0.6931)  loss_coords_1_unscaled: 0.1302 (0.1342)  loss_raster_1_unscaled: 0.6460 (0.6551)  cardinality_error_1_unscaled: 35.8000 (35.6203)  loss_ce_2_unscaled: 0.6931 (0.6931)  loss_coords_2_unscaled: 0.1049 (0.1098)  loss_raster_2_unscaled: 0.5241 (0.5353)  cardinality_error_2_unscaled: 35.8000 (35.6203)  loss_ce_3_unscaled: 0.6931 (0.6931)  loss_coords_3_unscaled: 0.0940 (0.0979)  loss_raster_3_unscaled: 0.4644 (0.4669)  cardinality_error_3_unscaled: 35.8000 (35.6203)  loss_ce_4_unscaled: 0.6931 (0.6931)  loss_coords_4_unscaled: 0.0937 (0.0949)  loss_raster_4_unscaled: 0.4491 (0.4449)  cardinality_error_4_unscaled: 35.8000 (35.6203)  time: 0.4400  data: 0.0013  max mem: 8650
Epoch: [1]  [240/296]  eta: 0:00:24  lr: 0.000200  grad_norm: 4.70  loss: 1.0938 (1.1041)  loss_ce: 0.1880 (0.1906)  loss_coords: 0.4710 (0.4740)  loss_raster: 0.4265 (0.4396)  loss_ce_unscaled: 0.0940 (0.0953)  loss_coords_unscaled: 0.0942 (0.0948)  loss_raster_unscaled: 0.4265 (0.4396)  cardinality_error_unscaled: 24.9000 (23.9568)  loss_ce_0_unscaled: 0.6931 (0.6931)  loss_coords_0_unscaled: 0.1603 (0.1639)  loss_raster_0_unscaled: 0.7295 (0.7363)  cardinality_error_0_unscaled: 33.6000 (35.5544)  loss_ce_1_unscaled: 0.6931 (0.6931)  loss_coords_1_unscaled: 0.1288 (0.1341)  loss_raster_1_unscaled: 0.6326 (0.6549)  cardinality_error_1_unscaled: 33.6000 (35.5544)  loss_ce_2_unscaled: 0.6931 (0.6931)  loss_coords_2_unscaled: 0.1045 (0.1097)  loss_raster_2_unscaled: 0.5117 (0.5345)  cardinality_error_2_unscaled: 33.6000 (35.5544)  loss_ce_3_unscaled: 0.6931 (0.6931)  loss_coords_3_unscaled: 0.0944 (0.0978)  loss_raster_3_unscaled: 0.4476 (0.4660)  cardinality_error_3_unscaled: 33.6000 (35.5544)  loss_ce_4_unscaled: 0.6931 (0.6931)  loss_coords_4_unscaled: 0.0939 (0.0949)  loss_raster_4_unscaled: 0.4315 (0.4441)  cardinality_error_4_unscaled: 33.6000 (35.5544)  time: 0.4350  data: 0.0014  max mem: 8650
Epoch: [1]  [250/296]  eta: 0:00:20  lr: 0.000200  grad_norm: 2.45  loss: 1.0680 (1.1024)  loss_ce: 0.1907 (0.1907)  loss_coords: 0.4540 (0.4733)  loss_raster: 0.4119 (0.4384)  loss_ce_unscaled: 0.0953 (0.0953)  loss_coords_unscaled: 0.0908 (0.0947)  loss_raster_unscaled: 0.4119 (0.4384)  cardinality_error_unscaled: 24.2000 (23.9562)  loss_ce_0_unscaled: 0.6931 (0.6931)  loss_coords_0_unscaled: 0.1612 (0.1638)  loss_raster_0_unscaled: 0.7286 (0.7361)  cardinality_error_0_unscaled: 33.6000 (35.5219)  loss_ce_1_unscaled: 0.6931 (0.6931)  loss_coords_1_unscaled: 0.1295 (0.1339)  loss_raster_1_unscaled: 0.6316 (0.6540)  cardinality_error_1_unscaled: 33.6000 (35.5219)  loss_ce_2_unscaled: 0.6931 (0.6931)  loss_coords_2_unscaled: 0.1046 (0.1095)  loss_raster_2_unscaled: 0.4973 (0.5330)  cardinality_error_2_unscaled: 33.6000 (35.5219)  loss_ce_3_unscaled: 0.6931 (0.6931)  loss_coords_3_unscaled: 0.0940 (0.0976)  loss_raster_3_unscaled: 0.4321 (0.4646)  cardinality_error_3_unscaled: 33.6000 (35.5219)  loss_ce_4_unscaled: 0.6931 (0.6931)  loss_coords_4_unscaled: 0.0906 (0.0947)  loss_raster_4_unscaled: 0.4149 (0.4429)  cardinality_error_4_unscaled: 33.6000 (35.5219)  time: 0.4221  data: 0.0014  max mem: 8650
Epoch: [1]  [260/296]  eta: 0:00:15  lr: 0.000200  grad_norm: 3.08  loss: 1.0543 (1.1007)  loss_ce: 0.1891 (0.1905)  loss_coords: 0.4458 (0.4733)  loss_raster: 0.3998 (0.4369)  loss_ce_unscaled: 0.0945 (0.0953)  loss_coords_unscaled: 0.0892 (0.0947)  loss_raster_unscaled: 0.3998 (0.4369)  cardinality_error_unscaled: 25.1000 (24.0736)  loss_ce_0_unscaled: 0.6931 (0.6931)  loss_coords_0_unscaled: 0.1615 (0.1638)  loss_raster_0_unscaled: 0.7296 (0.7358)  cardinality_error_0_unscaled: 32.4000 (35.4130)  loss_ce_1_unscaled: 0.6931 (0.6931)  loss_coords_1_unscaled: 0.1295 (0.1338)  loss_raster_1_unscaled: 0.6223 (0.6529)  cardinality_error_1_unscaled: 32.4000 (35.4130)  loss_ce_2_unscaled: 0.6931 (0.6931)  loss_coords_2_unscaled: 0.1049 (0.1094)  loss_raster_2_unscaled: 0.4895 (0.5313)  cardinality_error_2_unscaled: 32.4000 (35.4130)  loss_ce_3_unscaled: 0.6931 (0.6931)  loss_coords_3_unscaled: 0.0917 (0.0976)  loss_raster_3_unscaled: 0.4218 (0.4630)  cardinality_error_3_unscaled: 32.4000 (35.4130)  loss_ce_4_unscaled: 0.6931 (0.6931)  loss_coords_4_unscaled: 0.0894 (0.0947)  loss_raster_4_unscaled: 0.4041 (0.4414)  cardinality_error_4_unscaled: 32.4000 (35.4130)  time: 0.4129  data: 0.0014  max mem: 8650
Epoch: [1]  [270/296]  eta: 0:00:11  lr: 0.000200  grad_norm: 2.47  loss: 1.0516 (1.0993)  loss_ce: 0.1825 (0.1904)  loss_coords: 0.4479 (0.4728)  loss_raster: 0.4114 (0.4361)  loss_ce_unscaled: 0.0912 (0.0952)  loss_coords_unscaled: 0.0896 (0.0946)  loss_raster_unscaled: 0.4114 (0.4361)  cardinality_error_unscaled: 25.9000 (24.2011)  loss_ce_0_unscaled: 0.6931 (0.6931)  loss_coords_0_unscaled: 0.1617 (0.1637)  loss_raster_0_unscaled: 0.7183 (0.7352)  cardinality_error_0_unscaled: 32.4000 (35.3188)  loss_ce_1_unscaled: 0.6931 (0.6931)  loss_coords_1_unscaled: 0.1288 (0.1337)  loss_raster_1_unscaled: 0.6146 (0.6519)  cardinality_error_1_unscaled: 32.4000 (35.3188)  loss_ce_2_unscaled: 0.6931 (0.6931)  loss_coords_2_unscaled: 0.1017 (0.1092)  loss_raster_2_unscaled: 0.4884 (0.5301)  cardinality_error_2_unscaled: 32.4000 (35.3188)  loss_ce_3_unscaled: 0.6931 (0.6931)  loss_coords_3_unscaled: 0.0914 (0.0975)  loss_raster_3_unscaled: 0.4260 (0.4620)  cardinality_error_3_unscaled: 32.4000 (35.3188)  loss_ce_4_unscaled: 0.6931 (0.6931)  loss_coords_4_unscaled: 0.0894 (0.0946)  loss_raster_4_unscaled: 0.4117 (0.4406)  cardinality_error_4_unscaled: 32.4000 (35.3188)  time: 0.4094  data: 0.0013  max mem: 8650
Epoch: [1]  [280/296]  eta: 0:00:06  lr: 0.000200  grad_norm: 2.45  loss: 1.0558 (1.0987)  loss_ce: 0.1886 (0.1905)  loss_coords: 0.4535 (0.4726)  loss_raster: 0.4188 (0.4357)  loss_ce_unscaled: 0.0943 (0.0952)  loss_coords_unscaled: 0.0907 (0.0945)  loss_raster_unscaled: 0.4188 (0.4357)  cardinality_error_unscaled: 25.3000 (24.1473)  loss_ce_0_unscaled: 0.6931 (0.6931)  loss_coords_0_unscaled: 0.1626 (0.1638)  loss_raster_0_unscaled: 0.7299 (0.7357)  cardinality_error_0_unscaled: 33.4000 (35.3420)  loss_ce_1_unscaled: 0.6931 (0.6931)  loss_coords_1_unscaled: 0.1307 (0.1336)  loss_raster_1_unscaled: 0.6225 (0.6517)  cardinality_error_1_unscaled: 33.4000 (35.3420)  loss_ce_2_unscaled: 0.6931 (0.6931)  loss_coords_2_unscaled: 0.1031 (0.1091)  loss_raster_2_unscaled: 0.4876 (0.5293)  cardinality_error_2_unscaled: 33.4000 (35.3420)  loss_ce_3_unscaled: 0.6931 (0.6931)  loss_coords_3_unscaled: 0.0934 (0.0975)  loss_raster_3_unscaled: 0.4249 (0.4613)  cardinality_error_3_unscaled: 33.4000 (35.3420)  loss_ce_4_unscaled: 0.6931 (0.6931)  loss_coords_4_unscaled: 0.0908 (0.0946)  loss_raster_4_unscaled: 0.4176 (0.4401)  cardinality_error_4_unscaled: 33.4000 (35.3420)  time: 0.4350  data: 0.0013  max mem: 8650
Epoch: [1]  [290/296]  eta: 0:00:02  lr: 0.000200  grad_norm: 2.44  loss: 1.0698 (1.0978)  loss_ce: 0.1887 (0.1906)  loss_coords: 0.4618 (0.4725)  loss_raster: 0.4189 (0.4348)  loss_ce_unscaled: 0.0944 (0.0953)  loss_coords_unscaled: 0.0924 (0.0945)  loss_raster_unscaled: 0.4189 (0.4348)  cardinality_error_unscaled: 23.5000 (24.2433)  loss_ce_0_unscaled: 0.6931 (0.6931)  loss_coords_0_unscaled: 0.1628 (0.1637)  loss_raster_0_unscaled: 0.7429 (0.7359)  cardinality_error_0_unscaled: 34.8000 (35.3557)  loss_ce_1_unscaled: 0.6931 (0.6931)  loss_coords_1_unscaled: 0.1312 (0.1335)  loss_raster_1_unscaled: 0.6388 (0.6512)  cardinality_error_1_unscaled: 34.8000 (35.3557)  loss_ce_2_unscaled: 0.6931 (0.6931)  loss_coords_2_unscaled: 0.1065 (0.1090)  loss_raster_2_unscaled: 0.4950 (0.5283)  cardinality_error_2_unscaled: 34.8000 (35.3557)  loss_ce_3_unscaled: 0.6931 (0.6931)  loss_coords_3_unscaled: 0.0934 (0.0974)  loss_raster_3_unscaled: 0.4249 (0.4603)  cardinality_error_3_unscaled: 34.8000 (35.3557)  loss_ce_4_unscaled: 0.6931 (0.6931)  loss_coords_4_unscaled: 0.0919 (0.0946)  loss_raster_4_unscaled: 0.4159 (0.4391)  cardinality_error_4_unscaled: 34.8000 (35.3557)  time: 0.4432  data: 0.0013  max mem: 8650
Epoch: [1]  [295/296]  eta: 0:00:00  lr: 0.000200  grad_norm: 4.16  loss: 1.0652 (1.0970)  loss_ce: 0.1884 (0.1906)  loss_coords: 0.4618 (0.4720)  loss_raster: 0.3963 (0.4344)  loss_ce_unscaled: 0.0942 (0.0953)  loss_coords_unscaled: 0.0924 (0.0944)  loss_raster_unscaled: 0.3963 (0.4344)  cardinality_error_unscaled: 22.8000 (24.2446)  loss_ce_0_unscaled: 0.6931 (0.6931)  loss_coords_0_unscaled: 0.1610 (0.1636)  loss_raster_0_unscaled: 0.7429 (0.7359)  cardinality_error_0_unscaled: 34.8000 (35.3416)  loss_ce_1_unscaled: 0.6931 (0.6931)  loss_coords_1_unscaled: 0.1306 (0.1334)  loss_raster_1_unscaled: 0.6437 (0.6510)  cardinality_error_1_unscaled: 34.8000 (35.3416)  loss_ce_2_unscaled: 0.6931 (0.6931)  loss_coords_2_unscaled: 0.1051 (0.1089)  loss_raster_2_unscaled: 0.4974 (0.5279)  cardinality_error_2_unscaled: 34.8000 (35.3416)  loss_ce_3_unscaled: 0.6931 (0.6931)  loss_coords_3_unscaled: 0.0934 (0.0973)  loss_raster_3_unscaled: 0.4238 (0.4598)  cardinality_error_3_unscaled: 34.8000 (35.3416)  loss_ce_4_unscaled: 0.6931 (0.6931)  loss_coords_4_unscaled: 0.0919 (0.0945)  loss_raster_4_unscaled: 0.4002 (0.4388)  cardinality_error_4_unscaled: 34.8000 (35.3416)  time: 0.4195  data: 0.0010  max mem: 8650
Epoch: [1] Total time: 0:02:08 (0.4355 s / it)
Averaged stats: lr: 0.000200  grad_norm: 4.16  loss: 1.0652 (1.0970)  loss_ce: 0.1884 (0.1906)  loss_coords: 0.4618 (0.4720)  loss_raster: 0.3963 (0.4344)  loss_ce_unscaled: 0.0942 (0.0953)  loss_coords_unscaled: 0.0924 (0.0944)  loss_raster_unscaled: 0.3963 (0.4344)  cardinality_error_unscaled: 22.8000 (24.2446)  loss_ce_0_unscaled: 0.6931 (0.6931)  loss_coords_0_unscaled: 0.1610 (0.1636)  loss_raster_0_unscaled: 0.7429 (0.7359)  cardinality_error_0_unscaled: 34.8000 (35.3416)  loss_ce_1_unscaled: 0.6931 (0.6931)  loss_coords_1_unscaled: 0.1306 (0.1334)  loss_raster_1_unscaled: 0.6437 (0.6510)  cardinality_error_1_unscaled: 34.8000 (35.3416)  loss_ce_2_unscaled: 0.6931 (0.6931)  loss_coords_2_unscaled: 0.1051 (0.1089)  loss_raster_2_unscaled: 0.4974 (0.5279)  cardinality_error_2_unscaled: 34.8000 (35.3416)  loss_ce_3_unscaled: 0.6931 (0.6931)  loss_coords_3_unscaled: 0.0934 (0.0973)  loss_raster_3_unscaled: 0.4238 (0.4598)  cardinality_error_3_unscaled: 34.8000 (35.3416)  loss_ce_4_unscaled: 0.6931 (0.6931)  loss_coords_4_unscaled: 0.0919 (0.0945)  loss_raster_4_unscaled: 0.4002 (0.4388)  cardinality_error_4_unscaled: 34.8000 (35.3416)
Selected device is: cuda
Creating Structured3D Dataset with 250 scenes...
Running Evaluation for scene 3000
Selected device is: cuda
Creating Structured3D Dataset with 250 scenes...
Running Evaluation for scene 3001
Selected device is: cuda
Creating Structured3D Dataset with 250 scenes...
Running Evaluation for scene 3002
Selected device is: cuda
Creating Structured3D Dataset with 250 scenes...
Running Evaluation for scene 3003
Selected device is: cuda
Creating Structured3D Dataset with 250 scenes...
Running Evaluation for scene 3004
Selected device is: cuda
Creating Structured3D Dataset with 250 scenes...
Running Evaluation for scene 3005
Selected device is: cuda
Creating Structured3D Dataset with 250 scenes...
Running Evaluation for scene 3006
Selected device is: cuda
Creating Structured3D Dataset with 250 scenes...
Running Evaluation for scene 3007
Selected device is: cuda
Creating Structured3D Dataset with 250 scenes...
Running Evaluation for scene 3008
Selected device is: cuda
Creating Structured3D Dataset with 250 scenes...
Running Evaluation for scene 3009
Test:  [ 0/25]  eta: 0:00:28  room_prec: 0.0000 (0.2500)  room_rec: 0.0000 (0.1077)  corner_prec: 0.0000 (0.1250)  corner_rec: 0.0000 (0.0293)  angles_prec: 0.0000 (0.0500)  angles_rec: 0.0000 (0.0144)  loss: 1.0867 (1.0867)  loss_ce: 0.1666 (0.1666)  loss_coords: 0.4557 (0.4557)  loss_raster: 0.4644 (0.4644)  loss_ce_unscaled: 0.0833 (0.0833)  loss_coords_unscaled: 0.0911 (0.0911)  loss_raster_unscaled: 0.4644 (0.4644)  cardinality_error_unscaled: 27.0000 (27.0000)  loss_ce_0_unscaled: 0.6931 (0.6931)  loss_coords_0_unscaled: 0.1521 (0.1521)  loss_raster_0_unscaled: 0.7404 (0.7404)  cardinality_error_0_unscaled: 35.0000 (35.0000)  loss_ce_1_unscaled: 0.6931 (0.6931)  loss_coords_1_unscaled: 0.1196 (0.1196)  loss_raster_1_unscaled: 0.6682 (0.6682)  cardinality_error_1_unscaled: 35.0000 (35.0000)  loss_ce_2_unscaled: 0.6931 (0.6931)  loss_coords_2_unscaled: 0.0948 (0.0948)  loss_raster_2_unscaled: 0.5338 (0.5338)  cardinality_error_2_unscaled: 35.0000 (35.0000)  loss_ce_3_unscaled: 0.6931 (0.6931)  loss_coords_3_unscaled: 0.0890 (0.0890)  loss_raster_3_unscaled: 0.4794 (0.4794)  cardinality_error_3_unscaled: 35.0000 (35.0000)  loss_ce_4_unscaled: 0.6931 (0.6931)  loss_coords_4_unscaled: 0.0896 (0.0896)  loss_raster_4_unscaled: 0.4662 (0.4662)  cardinality_error_4_unscaled: 35.0000 (35.0000)  time: 1.1525  data: 0.5615  max mem: 8650
Selected device is: cuda
Creating Structured3D Dataset with 250 scenes...
Running Evaluation for scene 3010
Selected device is: cuda
Creating Structured3D Dataset with 250 scenes...
Running Evaluation for scene 3011
Selected device is: cuda
Creating Structured3D Dataset with 250 scenes...
Running Evaluation for scene 3012
Selected device is: cuda
Creating Structured3D Dataset with 250 scenes...
Running Evaluation for scene 3013
Selected device is: cuda
Creating Structured3D Dataset with 250 scenes...
Running Evaluation for scene 3014
Selected device is: cuda
Creating Structured3D Dataset with 250 scenes...
Running Evaluation for scene 3015
Selected device is: cuda
Creating Structured3D Dataset with 250 scenes...
Running Evaluation for scene 3016
Selected device is: cuda
Creating Structured3D Dataset with 250 scenes...
Running Evaluation for scene 3017
Selected device is: cuda
Creating Structured3D Dataset with 250 scenes...
Running Evaluation for scene 3018
Selected device is: cuda
Creating Structured3D Dataset with 250 scenes...
Running Evaluation for scene 3019
Selected device is: cuda
Creating Structured3D Dataset with 250 scenes...
Running Evaluation for scene 3020
Selected device is: cuda
Creating Structured3D Dataset with 250 scenes...
Running Evaluation for scene 3021
Selected device is: cuda
Creating Structured3D Dataset with 250 scenes...
Running Evaluation for scene 3022
Selected device is: cuda
Creating Structured3D Dataset with 250 scenes...
Running Evaluation for scene 3023
Selected device is: cuda
Creating Structured3D Dataset with 250 scenes...
Running Evaluation for scene 3024
Selected device is: cuda
Creating Structured3D Dataset with 250 scenes...
Running Evaluation for scene 3025
Selected device is: cuda
Creating Structured3D Dataset with 250 scenes...
Running Evaluation for scene 3026
Selected device is: cuda
Creating Structured3D Dataset with 250 scenes...
Running Evaluation for scene 3027
Selected device is: cuda
Creating Structured3D Dataset with 250 scenes...
Running Evaluation for scene 3028
Selected device is: cuda
Creating Structured3D Dataset with 250 scenes...
Running Evaluation for scene 3029
Selected device is: cuda
Creating Structured3D Dataset with 250 scenes...
Running Evaluation for scene 3030
Selected device is: cuda
Creating Structured3D Dataset with 250 scenes...
Running Evaluation for scene 3031
Selected device is: cuda
Creating Structured3D Dataset with 250 scenes...
Running Evaluation for scene 3032
Selected device is: cuda
Creating Structured3D Dataset with 250 scenes...
Running Evaluation for scene 3033
Selected device is: cuda
Creating Structured3D Dataset with 250 scenes...
Running Evaluation for scene 3034
Selected device is: cuda
Creating Structured3D Dataset with 250 scenes...
Running Evaluation for scene 3035
Selected device is: cuda
Creating Structured3D Dataset with 250 scenes...
Running Evaluation for scene 3036
Selected device is: cuda
Creating Structured3D Dataset with 250 scenes...
Running Evaluation for scene 3037
Selected device is: cuda
Creating Structured3D Dataset with 250 scenes...
Running Evaluation for scene 3038
Selected device is: cuda
Creating Structured3D Dataset with 250 scenes...
Running Evaluation for scene 3039
Selected device is: cuda
Creating Structured3D Dataset with 250 scenes...
Running Evaluation for scene 3040
Selected device is: cuda
Creating Structured3D Dataset with 250 scenes...
Running Evaluation for scene 3041
Selected device is: cuda
Creating Structured3D Dataset with 250 scenes...
Running Evaluation for scene 3042
Selected device is: cuda
Creating Structured3D Dataset with 250 scenes...
Running Evaluation for scene 3043
Selected device is: cuda
Creating Structured3D Dataset with 250 scenes...
Running Evaluation for scene 3044
Selected device is: cuda
Creating Structured3D Dataset with 250 scenes...
Running Evaluation for scene 3045
Selected device is: cuda
Creating Structured3D Dataset with 250 scenes...
Running Evaluation for scene 3046
Selected device is: cuda
Creating Structured3D Dataset with 250 scenes...
Running Evaluation for scene 3047
Selected device is: cuda
Creating Structured3D Dataset with 250 scenes...
Running Evaluation for scene 3048
Selected device is: cuda
Creating Structured3D Dataset with 250 scenes...
Running Evaluation for scene 3049
Selected device is: cuda
Creating Structured3D Dataset with 250 scenes...
Running Evaluation for scene 3050
Selected device is: cuda
Creating Structured3D Dataset with 250 scenes...
Running Evaluation for scene 3051
Selected device is: cuda
Creating Structured3D Dataset with 250 scenes...
Running Evaluation for scene 3052
Selected device is: cuda
Creating Structured3D Dataset with 250 scenes...
Running Evaluation for scene 3053
Selected device is: cuda
Creating Structured3D Dataset with 250 scenes...
Running Evaluation for scene 3054
Selected device is: cuda
Creating Structured3D Dataset with 250 scenes...
Running Evaluation for scene 3055
Selected device is: cuda
Creating Structured3D Dataset with 250 scenes...
Running Evaluation for scene 3056
Selected device is: cuda
Creating Structured3D Dataset with 250 scenes...
Running Evaluation for scene 3057
Selected device is: cuda
Creating Structured3D Dataset with 250 scenes...
Running Evaluation for scene 3058
Selected device is: cuda
Creating Structured3D Dataset with 250 scenes...
Running Evaluation for scene 3059
Selected device is: cuda
Creating Structured3D Dataset with 250 scenes...
Running Evaluation for scene 3060
Selected device is: cuda
Creating Structured3D Dataset with 250 scenes...
Running Evaluation for scene 3061
Selected device is: cuda
Creating Structured3D Dataset with 250 scenes...
Running Evaluation for scene 3062
Selected device is: cuda
Creating Structured3D Dataset with 250 scenes...
Running Evaluation for scene 3063
Selected device is: cuda
Creating Structured3D Dataset with 250 scenes...
Running Evaluation for scene 3064
Selected device is: cuda
Creating Structured3D Dataset with 250 scenes...
Running Evaluation for scene 3065
Selected device is: cuda
Creating Structured3D Dataset with 250 scenes...
Running Evaluation for scene 3066
Selected device is: cuda
Creating Structured3D Dataset with 250 scenes...
Running Evaluation for scene 3067
Selected device is: cuda
Creating Structured3D Dataset with 250 scenes...
Running Evaluation for scene 3068
Selected device is: cuda
Creating Structured3D Dataset with 250 scenes...
Running Evaluation for scene 3069
Selected device is: cuda
Creating Structured3D Dataset with 250 scenes...
Running Evaluation for scene 3070
Selected device is: cuda
Creating Structured3D Dataset with 250 scenes...
Running Evaluation for scene 3071
Selected device is: cuda
Creating Structured3D Dataset with 250 scenes...
Running Evaluation for scene 3072
Selected device is: cuda
Creating Structured3D Dataset with 250 scenes...
Running Evaluation for scene 3073
Selected device is: cuda
Creating Structured3D Dataset with 250 scenes...
Running Evaluation for scene 3074
Selected device is: cuda
Creating Structured3D Dataset with 250 scenes...
Running Evaluation for scene 3075
Selected device is: cuda
Creating Structured3D Dataset with 250 scenes...
Running Evaluation for scene 3076
Selected device is: cuda
Creating Structured3D Dataset with 250 scenes...
Running Evaluation for scene 3077
Selected device is: cuda
Creating Structured3D Dataset with 250 scenes...
Running Evaluation for scene 3078
Selected device is: cuda
Creating Structured3D Dataset with 250 scenes...
Running Evaluation for scene 3079
Selected device is: cuda
Creating Structured3D Dataset with 250 scenes...
Running Evaluation for scene 3080
Selected device is: cuda
Creating Structured3D Dataset with 250 scenes...
Running Evaluation for scene 3081
Selected device is: cuda
Creating Structured3D Dataset with 250 scenes...
Running Evaluation for scene 3082
Selected device is: cuda
Creating Structured3D Dataset with 250 scenes...
Running Evaluation for scene 3083
Selected device is: cuda
Creating Structured3D Dataset with 250 scenes...
Running Evaluation for scene 3084
Selected device is: cuda
Creating Structured3D Dataset with 250 scenes...
Running Evaluation for scene 3085
Selected device is: cuda
Creating Structured3D Dataset with 250 scenes...
Running Evaluation for scene 3086
Selected device is: cuda
Creating Structured3D Dataset with 250 scenes...
Running Evaluation for scene 3087
Selected device is: cuda
Creating Structured3D Dataset with 250 scenes...
Running Evaluation for scene 3088
Selected device is: cuda
Creating Structured3D Dataset with 250 scenes...
Running Evaluation for scene 3089
Selected device is: cuda
Creating Structured3D Dataset with 250 scenes...
Running Evaluation for scene 3090
Selected device is: cuda
Creating Structured3D Dataset with 250 scenes...
Running Evaluation for scene 3091
Selected device is: cuda
Creating Structured3D Dataset with 250 scenes...
Running Evaluation for scene 3092
Selected device is: cuda
Creating Structured3D Dataset with 250 scenes...
Running Evaluation for scene 3093
Selected device is: cuda
Creating Structured3D Dataset with 250 scenes...
Running Evaluation for scene 3094
Selected device is: cuda
Creating Structured3D Dataset with 250 scenes...
Running Evaluation for scene 3095
Selected device is: cuda
Creating Structured3D Dataset with 250 scenes...
Running Evaluation for scene 3096
Selected device is: cuda
Creating Structured3D Dataset with 250 scenes...
Running Evaluation for scene 3097
Selected device is: cuda
Creating Structured3D Dataset with 250 scenes...
Running Evaluation for scene 3098
Selected device is: cuda
Creating Structured3D Dataset with 250 scenes...
Running Evaluation for scene 3099
Selected device is: cuda
Creating Structured3D Dataset with 250 scenes...
Running Evaluation for scene 3100
Selected device is: cuda
Creating Structured3D Dataset with 250 scenes...
Running Evaluation for scene 3101
Selected device is: cuda
Creating Structured3D Dataset with 250 scenes...
Running Evaluation for scene 3102
Selected device is: cuda
Creating Structured3D Dataset with 250 scenes...
Running Evaluation for scene 3103
Selected device is: cuda
Creating Structured3D Dataset with 250 scenes...
Running Evaluation for scene 3104
Selected device is: cuda
Creating Structured3D Dataset with 250 scenes...
Running Evaluation for scene 3105
Selected device is: cuda
Creating Structured3D Dataset with 250 scenes...
Running Evaluation for scene 3106
Selected device is: cuda
Creating Structured3D Dataset with 250 scenes...
Running Evaluation for scene 3107
Selected device is: cuda
Creating Structured3D Dataset with 250 scenes...
Running Evaluation for scene 3108
Selected device is: cuda
Creating Structured3D Dataset with 250 scenes...
Running Evaluation for scene 3109
Test:  [10/25]  eta: 0:00:09  room_prec: 0.0000 (0.2773)  room_rec: 0.0000 (0.0839)  corner_prec: 0.0000 (0.0886)  corner_rec: 0.0000 (0.0189)  angles_prec: 0.0000 (0.0330)  angles_rec: 0.0000 (0.0074)  loss: 1.0876 (1.0830)  loss_ce: 0.1729 (0.1763)  loss_coords: 0.4557 (0.4504)  loss_raster: 0.4644 (0.4564)  loss_ce_unscaled: 0.0864 (0.0881)  loss_coords_unscaled: 0.0911 (0.0901)  loss_raster_unscaled: 0.4644 (0.4564)  cardinality_error_unscaled: 28.8000 (30.4818)  loss_ce_0_unscaled: 0.6931 (0.6931)  loss_coords_0_unscaled: 0.1559 (0.1560)  loss_raster_0_unscaled: 0.7428 (0.7479)  cardinality_error_0_unscaled: 36.8000 (38.3364)  loss_ce_1_unscaled: 0.6931 (0.6931)  loss_coords_1_unscaled: 0.1224 (0.1228)  loss_raster_1_unscaled: 0.6577 (0.6550)  cardinality_error_1_unscaled: 36.8000 (38.3364)  loss_ce_2_unscaled: 0.6931 (0.6931)  loss_coords_2_unscaled: 0.0980 (0.0976)  loss_raster_2_unscaled: 0.5338 (0.5186)  cardinality_error_2_unscaled: 36.8000 (38.3364)  loss_ce_3_unscaled: 0.6931 (0.6931)  loss_coords_3_unscaled: 0.0890 (0.0889)  loss_raster_3_unscaled: 0.4794 (0.4629)  cardinality_error_3_unscaled: 36.8000 (38.3364)  loss_ce_4_unscaled: 0.6931 (0.6931)  loss_coords_4_unscaled: 0.0896 (0.0890)  loss_raster_4_unscaled: 0.4662 (0.4557)  cardinality_error_4_unscaled: 36.8000 (38.3364)  time: 0.6117  data: 0.0522  max mem: 8650
Selected device is: cuda
Creating Structured3D Dataset with 250 scenes...
Running Evaluation for scene 3110
Selected device is: cuda
Creating Structured3D Dataset with 250 scenes...
Running Evaluation for scene 3111
Selected device is: cuda
Creating Structured3D Dataset with 250 scenes...
Running Evaluation for scene 3112
Selected device is: cuda
Creating Structured3D Dataset with 250 scenes...
Running Evaluation for scene 3113
Selected device is: cuda
Creating Structured3D Dataset with 250 scenes...
Running Evaluation for scene 3114
Selected device is: cuda
Creating Structured3D Dataset with 250 scenes...
Running Evaluation for scene 3115
Selected device is: cuda
Creating Structured3D Dataset with 250 scenes...
Running Evaluation for scene 3116
Selected device is: cuda
Creating Structured3D Dataset with 250 scenes...
Running Evaluation for scene 3117
Selected device is: cuda
Creating Structured3D Dataset with 250 scenes...
Running Evaluation for scene 3118
Selected device is: cuda
Creating Structured3D Dataset with 250 scenes...
Running Evaluation for scene 3119
Selected device is: cuda
Creating Structured3D Dataset with 250 scenes...
Running Evaluation for scene 3120
Selected device is: cuda
Creating Structured3D Dataset with 250 scenes...
Running Evaluation for scene 3121
Selected device is: cuda
Creating Structured3D Dataset with 250 scenes...
Running Evaluation for scene 3122
Selected device is: cuda
Creating Structured3D Dataset with 250 scenes...
Running Evaluation for scene 3123
Selected device is: cuda
Creating Structured3D Dataset with 250 scenes...
Running Evaluation for scene 3124
Selected device is: cuda
Creating Structured3D Dataset with 250 scenes...
Running Evaluation for scene 3125
Selected device is: cuda
Creating Structured3D Dataset with 250 scenes...
Running Evaluation for scene 3126
Selected device is: cuda
Creating Structured3D Dataset with 250 scenes...
Running Evaluation for scene 3127
Selected device is: cuda
Creating Structured3D Dataset with 250 scenes...
Running Evaluation for scene 3128
Selected device is: cuda
Creating Structured3D Dataset with 250 scenes...
Running Evaluation for scene 3129
Selected device is: cuda
Creating Structured3D Dataset with 250 scenes...
Running Evaluation for scene 3130
Selected device is: cuda
Creating Structured3D Dataset with 250 scenes...
Running Evaluation for scene 3131
Selected device is: cuda
Creating Structured3D Dataset with 250 scenes...
Running Evaluation for scene 3132
Selected device is: cuda
Creating Structured3D Dataset with 250 scenes...
Running Evaluation for scene 3133
Selected device is: cuda
Creating Structured3D Dataset with 250 scenes...
Running Evaluation for scene 3134
Selected device is: cuda
Creating Structured3D Dataset with 250 scenes...
Running Evaluation for scene 3135
Selected device is: cuda
Creating Structured3D Dataset with 250 scenes...
Running Evaluation for scene 3136
Selected device is: cuda
Creating Structured3D Dataset with 250 scenes...
Running Evaluation for scene 3137
Selected device is: cuda
Creating Structured3D Dataset with 250 scenes...
Running Evaluation for scene 3138
Selected device is: cuda
Creating Structured3D Dataset with 250 scenes...
Running Evaluation for scene 3139
Selected device is: cuda
Creating Structured3D Dataset with 250 scenes...
Running Evaluation for scene 3140
Selected device is: cuda
Creating Structured3D Dataset with 250 scenes...
Running Evaluation for scene 3141
Selected device is: cuda
Creating Structured3D Dataset with 250 scenes...
Running Evaluation for scene 3142
Selected device is: cuda
Creating Structured3D Dataset with 250 scenes...
Running Evaluation for scene 3143
Selected device is: cuda
Creating Structured3D Dataset with 250 scenes...
Running Evaluation for scene 3144
Selected device is: cuda
Creating Structured3D Dataset with 250 scenes...
Running Evaluation for scene 3145
Selected device is: cuda
Creating Structured3D Dataset with 250 scenes...
Running Evaluation for scene 3146
Selected device is: cuda
Creating Structured3D Dataset with 250 scenes...
Running Evaluation for scene 3147
Selected device is: cuda
Creating Structured3D Dataset with 250 scenes...
Running Evaluation for scene 3148
Selected device is: cuda
Creating Structured3D Dataset with 250 scenes...
Running Evaluation for scene 3149
Selected device is: cuda
Creating Structured3D Dataset with 250 scenes...
Running Evaluation for scene 3150
Selected device is: cuda
Creating Structured3D Dataset with 250 scenes...
Running Evaluation for scene 3151
Selected device is: cuda
Creating Structured3D Dataset with 250 scenes...
Running Evaluation for scene 3152
Selected device is: cuda
Creating Structured3D Dataset with 250 scenes...
Running Evaluation for scene 3153
Selected device is: cuda
Creating Structured3D Dataset with 250 scenes...
Running Evaluation for scene 3154
Selected device is: cuda
Creating Structured3D Dataset with 250 scenes...
Running Evaluation for scene 3155
Selected device is: cuda
Creating Structured3D Dataset with 250 scenes...
Running Evaluation for scene 3157
Selected device is: cuda
Creating Structured3D Dataset with 250 scenes...
Running Evaluation for scene 3158
Selected device is: cuda
Creating Structured3D Dataset with 250 scenes...
Running Evaluation for scene 3159
Selected device is: cuda
Creating Structured3D Dataset with 250 scenes...
Running Evaluation for scene 3160
Selected device is: cuda
Creating Structured3D Dataset with 250 scenes...
Running Evaluation for scene 3161
Selected device is: cuda
Creating Structured3D Dataset with 250 scenes...
Running Evaluation for scene 3162
Selected device is: cuda
Creating Structured3D Dataset with 250 scenes...
Running Evaluation for scene 3163
Selected device is: cuda
Creating Structured3D Dataset with 250 scenes...
Running Evaluation for scene 3164
Selected device is: cuda
Creating Structured3D Dataset with 250 scenes...
Running Evaluation for scene 3165
Selected device is: cuda
Creating Structured3D Dataset with 250 scenes...
Running Evaluation for scene 3166
Selected device is: cuda
Creating Structured3D Dataset with 250 scenes...
Running Evaluation for scene 3167
Selected device is: cuda
Creating Structured3D Dataset with 250 scenes...
Running Evaluation for scene 3168
Selected device is: cuda
Creating Structured3D Dataset with 250 scenes...
Running Evaluation for scene 3169
Selected device is: cuda
Creating Structured3D Dataset with 250 scenes...
Running Evaluation for scene 3170
Selected device is: cuda
Creating Structured3D Dataset with 250 scenes...
Running Evaluation for scene 3171
Selected device is: cuda
Creating Structured3D Dataset with 250 scenes...
Running Evaluation for scene 3172
Selected device is: cuda
Creating Structured3D Dataset with 250 scenes...
Running Evaluation for scene 3173
Selected device is: cuda
Creating Structured3D Dataset with 250 scenes...
Running Evaluation for scene 3174
Selected device is: cuda
Creating Structured3D Dataset with 250 scenes...
Running Evaluation for scene 3175
Selected device is: cuda
Creating Structured3D Dataset with 250 scenes...
Running Evaluation for scene 3176
Selected device is: cuda
Creating Structured3D Dataset with 250 scenes...
Running Evaluation for scene 3177
Selected device is: cuda
Creating Structured3D Dataset with 250 scenes...
Running Evaluation for scene 3178
Selected device is: cuda
Creating Structured3D Dataset with 250 scenes...
Running Evaluation for scene 3179
Selected device is: cuda
Creating Structured3D Dataset with 250 scenes...
Running Evaluation for scene 3180
Selected device is: cuda
Creating Structured3D Dataset with 250 scenes...
Running Evaluation for scene 3181
Selected device is: cuda
Creating Structured3D Dataset with 250 scenes...
Running Evaluation for scene 3182
Selected device is: cuda
Creating Structured3D Dataset with 250 scenes...
Running Evaluation for scene 3183
Selected device is: cuda
Creating Structured3D Dataset with 250 scenes...
Running Evaluation for scene 3184
Selected device is: cuda
Creating Structured3D Dataset with 250 scenes...
Running Evaluation for scene 3185
Selected device is: cuda
Creating Structured3D Dataset with 250 scenes...
Running Evaluation for scene 3186
Selected device is: cuda
Creating Structured3D Dataset with 250 scenes...
Running Evaluation for scene 3187
Selected device is: cuda
Creating Structured3D Dataset with 250 scenes...
Running Evaluation for scene 3188
Selected device is: cuda
Creating Structured3D Dataset with 250 scenes...
Running Evaluation for scene 3189
Selected device is: cuda
Creating Structured3D Dataset with 250 scenes...
Running Evaluation for scene 3190
Selected device is: cuda
Creating Structured3D Dataset with 250 scenes...
Running Evaluation for scene 3191
Selected device is: cuda
Creating Structured3D Dataset with 250 scenes...
Running Evaluation for scene 3193
Selected device is: cuda
Creating Structured3D Dataset with 250 scenes...
Running Evaluation for scene 3194
Selected device is: cuda
Creating Structured3D Dataset with 250 scenes...
Running Evaluation for scene 3195
Selected device is: cuda
Creating Structured3D Dataset with 250 scenes...
Running Evaluation for scene 3196
Selected device is: cuda
Creating Structured3D Dataset with 250 scenes...
Running Evaluation for scene 3197
Selected device is: cuda
Creating Structured3D Dataset with 250 scenes...
Running Evaluation for scene 3199
Selected device is: cuda
Creating Structured3D Dataset with 250 scenes...
Running Evaluation for scene 3200
Selected device is: cuda
Creating Structured3D Dataset with 250 scenes...
Running Evaluation for scene 3201
Selected device is: cuda
Creating Structured3D Dataset with 250 scenes...
Running Evaluation for scene 3202
Selected device is: cuda
Creating Structured3D Dataset with 250 scenes...
Running Evaluation for scene 3203
Selected device is: cuda
Creating Structured3D Dataset with 250 scenes...
Running Evaluation for scene 3204
Selected device is: cuda
Creating Structured3D Dataset with 250 scenes...
Running Evaluation for scene 3205
Selected device is: cuda
Creating Structured3D Dataset with 250 scenes...
Running Evaluation for scene 3206
Selected device is: cuda
Creating Structured3D Dataset with 250 scenes...
Running Evaluation for scene 3207
Selected device is: cuda
Creating Structured3D Dataset with 250 scenes...
Running Evaluation for scene 3208
Selected device is: cuda
Creating Structured3D Dataset with 250 scenes...
Running Evaluation for scene 3209
Selected device is: cuda
Creating Structured3D Dataset with 250 scenes...
Running Evaluation for scene 3210
Selected device is: cuda
Creating Structured3D Dataset with 250 scenes...
Running Evaluation for scene 3211
Selected device is: cuda
Creating Structured3D Dataset with 250 scenes...
Running Evaluation for scene 3212
Test:  [20/25]  eta: 0:00:02  room_prec: 0.0000 (0.2500)  room_rec: 0.0000 (0.0730)  corner_prec: 0.0000 (0.0804)  corner_rec: 0.0000 (0.0169)  angles_prec: 0.0000 (0.0262)  angles_rec: 0.0000 (0.0057)  loss: 1.1108 (1.1098)  loss_ce: 0.1860 (0.1857)  loss_coords: 0.4583 (0.4623)  loss_raster: 0.4554 (0.4618)  loss_ce_unscaled: 0.0930 (0.0928)  loss_coords_unscaled: 0.0917 (0.0925)  loss_raster_unscaled: 0.4554 (0.4618)  cardinality_error_unscaled: 34.6000 (31.9857)  loss_ce_0_unscaled: 0.6931 (0.6931)  loss_coords_0_unscaled: 0.1559 (0.1576)  loss_raster_0_unscaled: 0.7428 (0.7492)  cardinality_error_0_unscaled: 42.6000 (39.8714)  loss_ce_1_unscaled: 0.6931 (0.6931)  loss_coords_1_unscaled: 0.1224 (0.1248)  loss_raster_1_unscaled: 0.6500 (0.6585)  cardinality_error_1_unscaled: 42.6000 (39.8714)  loss_ce_2_unscaled: 0.6931 (0.6931)  loss_coords_2_unscaled: 0.0980 (0.1001)  loss_raster_2_unscaled: 0.5246 (0.5268)  cardinality_error_2_unscaled: 42.6000 (39.8714)  loss_ce_3_unscaled: 0.6931 (0.6931)  loss_coords_3_unscaled: 0.0904 (0.0916)  loss_raster_3_unscaled: 0.4767 (0.4708)  cardinality_error_3_unscaled: 42.6000 (39.8714)  loss_ce_4_unscaled: 0.6931 (0.6931)  loss_coords_4_unscaled: 0.0913 (0.0915)  loss_raster_4_unscaled: 0.4541 (0.4619)  cardinality_error_4_unscaled: 42.6000 (39.8714)  time: 0.5653  data: 0.0011  max mem: 8650
Selected device is: cuda
Creating Structured3D Dataset with 250 scenes...
Running Evaluation for scene 3213
Selected device is: cuda
Creating Structured3D Dataset with 250 scenes...
Running Evaluation for scene 3214
Selected device is: cuda
Creating Structured3D Dataset with 250 scenes...
Running Evaluation for scene 3215
Selected device is: cuda
Creating Structured3D Dataset with 250 scenes...
Running Evaluation for scene 3216
Selected device is: cuda
Creating Structured3D Dataset with 250 scenes...
Running Evaluation for scene 3217
Selected device is: cuda
Creating Structured3D Dataset with 250 scenes...
Running Evaluation for scene 3218
Selected device is: cuda
Creating Structured3D Dataset with 250 scenes...
Running Evaluation for scene 3219
Selected device is: cuda
Creating Structured3D Dataset with 250 scenes...
Running Evaluation for scene 3220
Selected device is: cuda
Creating Structured3D Dataset with 250 scenes...
Running Evaluation for scene 3221
Selected device is: cuda
Creating Structured3D Dataset with 250 scenes...
Running Evaluation for scene 3222
Selected device is: cuda
Creating Structured3D Dataset with 250 scenes...
Running Evaluation for scene 3223
Selected device is: cuda
Creating Structured3D Dataset with 250 scenes...
Running Evaluation for scene 3224
Selected device is: cuda
Creating Structured3D Dataset with 250 scenes...
Running Evaluation for scene 3225
Selected device is: cuda
Creating Structured3D Dataset with 250 scenes...
Running Evaluation for scene 3226
Selected device is: cuda
Creating Structured3D Dataset with 250 scenes...
Running Evaluation for scene 3227
Selected device is: cuda
Creating Structured3D Dataset with 250 scenes...
Running Evaluation for scene 3228
Selected device is: cuda
Creating Structured3D Dataset with 250 scenes...
Running Evaluation for scene 3229
Selected device is: cuda
Creating Structured3D Dataset with 250 scenes...
Running Evaluation for scene 3230
Selected device is: cuda
Creating Structured3D Dataset with 250 scenes...
Running Evaluation for scene 3231
Selected device is: cuda
Creating Structured3D Dataset with 250 scenes...
Running Evaluation for scene 3232
Selected device is: cuda
Creating Structured3D Dataset with 250 scenes...
Running Evaluation for scene 3233
Selected device is: cuda
Creating Structured3D Dataset with 250 scenes...
Running Evaluation for scene 3234
Selected device is: cuda
Creating Structured3D Dataset with 250 scenes...
Running Evaluation for scene 3235
Selected device is: cuda
Creating Structured3D Dataset with 250 scenes...
Running Evaluation for scene 3236
Selected device is: cuda
Creating Structured3D Dataset with 250 scenes...
Running Evaluation for scene 3237
Selected device is: cuda
Creating Structured3D Dataset with 250 scenes...
Running Evaluation for scene 3238
Selected device is: cuda
Creating Structured3D Dataset with 250 scenes...
Running Evaluation for scene 3239
Selected device is: cuda
Creating Structured3D Dataset with 250 scenes...
Running Evaluation for scene 3240
Selected device is: cuda
Creating Structured3D Dataset with 250 scenes...
Running Evaluation for scene 3241
Selected device is: cuda
Creating Structured3D Dataset with 250 scenes...
Running Evaluation for scene 3242
Selected device is: cuda
Creating Structured3D Dataset with 250 scenes...
Running Evaluation for scene 3243
Selected device is: cuda
Creating Structured3D Dataset with 250 scenes...
Running Evaluation for scene 3244
Selected device is: cuda
Creating Structured3D Dataset with 250 scenes...
Running Evaluation for scene 3245
Selected device is: cuda
Creating Structured3D Dataset with 250 scenes...
Running Evaluation for scene 3246
Selected device is: cuda
Creating Structured3D Dataset with 250 scenes...
Running Evaluation for scene 3247
Selected device is: cuda
Creating Structured3D Dataset with 250 scenes...
Running Evaluation for scene 3248
Selected device is: cuda
Creating Structured3D Dataset with 250 scenes...
Running Evaluation for scene 3249
Test:  [24/25]  eta: 0:00:00  room_prec: 0.0000 (0.2449)  room_rec: 0.0000 (0.0724)  corner_prec: 0.0000 (0.0759)  corner_rec: 0.0000 (0.0162)  angles_prec: 0.0000 (0.0248)  angles_rec: 0.0000 (0.0055)  loss: 1.1177 (1.1138)  loss_ce: 0.1804 (0.1849)  loss_coords: 0.4651 (0.4628)  loss_raster: 0.4800 (0.4662)  loss_ce_unscaled: 0.0902 (0.0924)  loss_coords_unscaled: 0.0930 (0.0926)  loss_raster_unscaled: 0.4800 (0.4662)  cardinality_error_unscaled: 32.2000 (31.7503)  loss_ce_0_unscaled: 0.6931 (0.6931)  loss_coords_0_unscaled: 0.1571 (0.1578)  loss_raster_0_unscaled: 0.7449 (0.7495)  cardinality_error_0_unscaled: 40.2000 (39.6543)  loss_ce_1_unscaled: 0.6931 (0.6931)  loss_coords_1_unscaled: 0.1240 (0.1250)  loss_raster_1_unscaled: 0.6577 (0.6583)  cardinality_error_1_unscaled: 40.2000 (39.6543)  loss_ce_2_unscaled: 0.6931 (0.6931)  loss_coords_2_unscaled: 0.0998 (0.1004)  loss_raster_2_unscaled: 0.5352 (0.5289)  cardinality_error_2_unscaled: 40.2000 (39.6543)  loss_ce_3_unscaled: 0.6931 (0.6931)  loss_coords_3_unscaled: 0.0917 (0.0919)  loss_raster_3_unscaled: 0.4840 (0.4751)  cardinality_error_3_unscaled: 40.2000 (39.6543)  loss_ce_4_unscaled: 0.6931 (0.6931)  loss_coords_4_unscaled: 0.0922 (0.0917)  loss_raster_4_unscaled: 0.4774 (0.4664)  cardinality_error_4_unscaled: 40.2000 (39.6543)  time: 0.5505  data: 0.0009  max mem: 8650
Test: Total time: 0:00:14 (0.5806 s / it)
Averaged stats: room_prec: 0.0000 (0.2449)  room_rec: 0.0000 (0.0724)  corner_prec: 0.0000 (0.0759)  corner_rec: 0.0000 (0.0162)  angles_prec: 0.0000 (0.0248)  angles_rec: 0.0000 (0.0055)  loss: 1.1177 (1.1138)  loss_ce: 0.1804 (0.1849)  loss_coords: 0.4651 (0.4628)  loss_raster: 0.4800 (0.4662)  loss_ce_unscaled: 0.0902 (0.0924)  loss_coords_unscaled: 0.0930 (0.0926)  loss_raster_unscaled: 0.4800 (0.4662)  cardinality_error_unscaled: 32.2000 (31.7503)  loss_ce_0_unscaled: 0.6931 (0.6931)  loss_coords_0_unscaled: 0.1571 (0.1578)  loss_raster_0_unscaled: 0.7449 (0.7495)  cardinality_error_0_unscaled: 40.2000 (39.6543)  loss_ce_1_unscaled: 0.6931 (0.6931)  loss_coords_1_unscaled: 0.1240 (0.1250)  loss_raster_1_unscaled: 0.6577 (0.6583)  cardinality_error_1_unscaled: 40.2000 (39.6543)  loss_ce_2_unscaled: 0.6931 (0.6931)  loss_coords_2_unscaled: 0.0998 (0.1004)  loss_raster_2_unscaled: 0.5352 (0.5289)  cardinality_error_2_unscaled: 40.2000 (39.6543)  loss_ce_3_unscaled: 0.6931 (0.6931)  loss_coords_3_unscaled: 0.0917 (0.0919)  loss_raster_3_unscaled: 0.4840 (0.4751)  cardinality_error_3_unscaled: 40.2000 (39.6543)  loss_ce_4_unscaled: 0.6931 (0.6931)  loss_coords_4_unscaled: 0.0922 (0.0917)  loss_raster_4_unscaled: 0.4774 (0.4664)  cardinality_error_4_unscaled: 40.2000 (39.6543)
Epoch: [2]  [  0/296]  eta: 0:04:53  lr: 0.000200  grad_norm: 3.73  loss: 1.0484 (1.0484)  loss_ce: 0.2021 (0.2021)  loss_coords: 0.4353 (0.4353)  loss_raster: 0.4111 (0.4111)  loss_ce_unscaled: 0.1010 (0.1010)  loss_coords_unscaled: 0.0871 (0.0871)  loss_raster_unscaled: 0.4111 (0.4111)  cardinality_error_unscaled: 35.6000 (35.6000)  loss_ce_0_unscaled: 0.6931 (0.6931)  loss_coords_0_unscaled: 0.1631 (0.1631)  loss_raster_0_unscaled: 0.7442 (0.7442)  cardinality_error_0_unscaled: 37.2000 (37.2000)  loss_ce_1_unscaled: 0.6931 (0.6931)  loss_coords_1_unscaled: 0.1292 (0.1292)  loss_raster_1_unscaled: 0.6533 (0.6533)  cardinality_error_1_unscaled: 37.2000 (37.2000)  loss_ce_2_unscaled: 0.6931 (0.6931)  loss_coords_2_unscaled: 0.1027 (0.1027)  loss_raster_2_unscaled: 0.5107 (0.5107)  cardinality_error_2_unscaled: 37.2000 (37.2000)  loss_ce_3_unscaled: 0.6931 (0.6931)  loss_coords_3_unscaled: 0.0902 (0.0902)  loss_raster_3_unscaled: 0.4351 (0.4351)  cardinality_error_3_unscaled: 37.2000 (37.2000)  loss_ce_4_unscaled: 0.6931 (0.6931)  loss_coords_4_unscaled: 0.0871 (0.0871)  loss_raster_4_unscaled: 0.4149 (0.4149)  cardinality_error_4_unscaled: 37.2000 (37.2000)  time: 0.9923  data: 0.4734  max mem: 8650
Epoch: [2]  [ 10/296]  eta: 0:02:30  lr: 0.000200  grad_norm: 2.87  loss: 1.1193 (1.1339)  loss_ce: 0.2032 (0.2089)  loss_coords: 0.4760 (0.4724)  loss_raster: 0.4637 (0.4526)  loss_ce_unscaled: 0.1016 (0.1044)  loss_coords_unscaled: 0.0952 (0.0945)  loss_raster_unscaled: 0.4637 (0.4526)  cardinality_error_unscaled: 26.3000 (28.8182)  loss_ce_0_unscaled: 0.6931 (0.6931)  loss_coords_0_unscaled: 0.1646 (0.1654)  loss_raster_0_unscaled: 0.7588 (0.7578)  cardinality_error_0_unscaled: 37.2000 (39.9727)  loss_ce_1_unscaled: 0.6931 (0.6931)  loss_coords_1_unscaled: 0.1336 (0.1332)  loss_raster_1_unscaled: 0.6708 (0.6727)  cardinality_error_1_unscaled: 37.2000 (39.9727)  loss_ce_2_unscaled: 0.6931 (0.6931)  loss_coords_2_unscaled: 0.1085 (0.1074)  loss_raster_2_unscaled: 0.5474 (0.5445)  cardinality_error_2_unscaled: 37.2000 (39.9727)  loss_ce_3_unscaled: 0.6931 (0.6931)  loss_coords_3_unscaled: 0.0978 (0.0965)  loss_raster_3_unscaled: 0.4861 (0.4766)  cardinality_error_3_unscaled: 37.2000 (39.9727)  loss_ce_4_unscaled: 0.6931 (0.6931)  loss_coords_4_unscaled: 0.0952 (0.0944)  loss_raster_4_unscaled: 0.4642 (0.4566)  cardinality_error_4_unscaled: 37.2000 (39.9727)  time: 0.5255  data: 0.0444  max mem: 8650
Epoch: [2]  [ 20/296]  eta: 0:02:11  lr: 0.000200  grad_norm: 3.37  loss: 1.0915 (1.0950)  loss_ce: 0.1948 (0.1992)  loss_coords: 0.4673 (0.4650)  loss_raster: 0.4450 (0.4308)  loss_ce_unscaled: 0.0974 (0.0996)  loss_coords_unscaled: 0.0935 (0.0930)  loss_raster_unscaled: 0.4450 (0.4308)  cardinality_error_unscaled: 24.0000 (26.9048)  loss_ce_0_unscaled: 0.6931 (0.6931)  loss_coords_0_unscaled: 0.1635 (0.1645)  loss_raster_0_unscaled: 0.7421 (0.7461)  cardinality_error_0_unscaled: 33.8000 (37.1810)  loss_ce_1_unscaled: 0.6931 (0.6931)  loss_coords_1_unscaled: 0.1313 (0.1318)  loss_raster_1_unscaled: 0.6642 (0.6538)  cardinality_error_1_unscaled: 33.8000 (37.1810)  loss_ce_2_unscaled: 0.6931 (0.6931)  loss_coords_2_unscaled: 0.1056 (0.1059)  loss_raster_2_unscaled: 0.5309 (0.5202)  cardinality_error_2_unscaled: 33.8000 (37.1810)  loss_ce_3_unscaled: 0.6931 (0.6931)  loss_coords_3_unscaled: 0.0956 (0.0950)  loss_raster_3_unscaled: 0.4553 (0.4530)  cardinality_error_3_unscaled: 33.8000 (37.1810)  loss_ce_4_unscaled: 0.6931 (0.6931)  loss_coords_4_unscaled: 0.0935 (0.0929)  loss_raster_4_unscaled: 0.4441 (0.4342)  cardinality_error_4_unscaled: 33.8000 (37.1810)  time: 0.4489  data: 0.0014  max mem: 8650
Epoch: [2]  [ 30/296]  eta: 0:02:02  lr: 0.000200  grad_norm: 2.22  loss: 1.0709 (1.1010)  loss_ce: 0.1772 (0.1938)  loss_coords: 0.4632 (0.4685)  loss_raster: 0.4269 (0.4387)  loss_ce_unscaled: 0.0886 (0.0969)  loss_coords_unscaled: 0.0926 (0.0937)  loss_raster_unscaled: 0.4269 (0.4387)  cardinality_error_unscaled: 21.8000 (25.3710)  loss_ce_0_unscaled: 0.6931 (0.6931)  loss_coords_0_unscaled: 0.1600 (0.1626)  loss_raster_0_unscaled: 0.7286 (0.7423)  cardinality_error_0_unscaled: 34.5000 (36.3032)  loss_ce_1_unscaled: 0.6931 (0.6931)  loss_coords_1_unscaled: 0.1281 (0.1308)  loss_raster_1_unscaled: 0.6309 (0.6505)  cardinality_error_1_unscaled: 34.5000 (36.3032)  loss_ce_2_unscaled: 0.6931 (0.6931)  loss_coords_2_unscaled: 0.1032 (0.1056)  loss_raster_2_unscaled: 0.5046 (0.5207)  cardinality_error_2_unscaled: 34.5000 (36.3032)  loss_ce_3_unscaled: 0.6931 (0.6931)  loss_coords_3_unscaled: 0.0935 (0.0954)  loss_raster_3_unscaled: 0.4472 (0.4579)  cardinality_error_3_unscaled: 34.5000 (36.3032)  loss_ce_4_unscaled: 0.6931 (0.6931)  loss_coords_4_unscaled: 0.0926 (0.0935)  loss_raster_4_unscaled: 0.4328 (0.4414)  cardinality_error_4_unscaled: 34.5000 (36.3032)  time: 0.4241  data: 0.0013  max mem: 8650
Epoch: [2]  [ 40/296]  eta: 0:01:56  lr: 0.000200  grad_norm: 3.44  loss: 1.0907 (1.0975)  loss_ce: 0.1832 (0.1949)  loss_coords: 0.4608 (0.4687)  loss_raster: 0.4428 (0.4339)  loss_ce_unscaled: 0.0916 (0.0975)  loss_coords_unscaled: 0.0922 (0.0937)  loss_raster_unscaled: 0.4428 (0.4339)  cardinality_error_unscaled: 24.1000 (25.8902)  loss_ce_0_unscaled: 0.6931 (0.6931)  loss_coords_0_unscaled: 0.1590 (0.1634)  loss_raster_0_unscaled: 0.7350 (0.7428)  cardinality_error_0_unscaled: 34.8000 (36.1390)  loss_ce_1_unscaled: 0.6931 (0.6931)  loss_coords_1_unscaled: 0.1281 (0.1315)  loss_raster_1_unscaled: 0.6488 (0.6496)  cardinality_error_1_unscaled: 34.8000 (36.1390)  loss_ce_2_unscaled: 0.6931 (0.6931)  loss_coords_2_unscaled: 0.1038 (0.1063)  loss_raster_2_unscaled: 0.5192 (0.5192)  cardinality_error_2_unscaled: 34.8000 (36.1390)  loss_ce_3_unscaled: 0.6931 (0.6931)  loss_coords_3_unscaled: 0.0934 (0.0957)  loss_raster_3_unscaled: 0.4643 (0.4539)  cardinality_error_3_unscaled: 34.8000 (36.1390)  loss_ce_4_unscaled: 0.6931 (0.6931)  loss_coords_4_unscaled: 0.0924 (0.0936)  loss_raster_4_unscaled: 0.4470 (0.4369)  cardinality_error_4_unscaled: 34.8000 (36.1390)  time: 0.4323  data: 0.0014  max mem: 8650
Epoch: [2]  [ 50/296]  eta: 0:01:50  lr: 0.000200  grad_norm: 2.02  loss: 1.0798 (1.0927)  loss_ce: 0.1883 (0.1927)  loss_coords: 0.4582 (0.4677)  loss_raster: 0.4378 (0.4323)  loss_ce_unscaled: 0.0941 (0.0963)  loss_coords_unscaled: 0.0916 (0.0935)  loss_raster_unscaled: 0.4378 (0.4323)  cardinality_error_unscaled: 24.7000 (25.6216)  loss_ce_0_unscaled: 0.6931 (0.6931)  loss_coords_0_unscaled: 0.1602 (0.1625)  loss_raster_0_unscaled: 0.7398 (0.7409)  cardinality_error_0_unscaled: 34.6000 (35.8471)  loss_ce_1_unscaled: 0.6931 (0.6931)  loss_coords_1_unscaled: 0.1273 (0.1308)  loss_raster_1_unscaled: 0.6395 (0.6454)  cardinality_error_1_unscaled: 34.6000 (35.8471)  loss_ce_2_unscaled: 0.6931 (0.6931)  loss_coords_2_unscaled: 0.1032 (0.1059)  loss_raster_2_unscaled: 0.5110 (0.5161)  cardinality_error_2_unscaled: 34.6000 (35.8471)  loss_ce_3_unscaled: 0.6931 (0.6931)  loss_coords_3_unscaled: 0.0934 (0.0955)  loss_raster_3_unscaled: 0.4468 (0.4517)  cardinality_error_3_unscaled: 34.6000 (35.8471)  loss_ce_4_unscaled: 0.6931 (0.6931)  loss_coords_4_unscaled: 0.0912 (0.0935)  loss_raster_4_unscaled: 0.4351 (0.4350)  cardinality_error_4_unscaled: 34.6000 (35.8471)  time: 0.4352  data: 0.0013  max mem: 8650
Epoch: [2]  [ 60/296]  eta: 0:01:46  lr: 0.000200  grad_norm: 2.64  loss: 1.0806 (1.0908)  loss_ce: 0.1810 (0.1907)  loss_coords: 0.4530 (0.4650)  loss_raster: 0.4504 (0.4351)  loss_ce_unscaled: 0.0905 (0.0953)  loss_coords_unscaled: 0.0906 (0.0930)  loss_raster_unscaled: 0.4504 (0.4351)  cardinality_error_unscaled: 18.7000 (24.0246)  loss_ce_0_unscaled: 0.6931 (0.6931)  loss_coords_0_unscaled: 0.1572 (0.1617)  loss_raster_0_unscaled: 0.7390 (0.7418)  cardinality_error_0_unscaled: 35.0000 (36.0164)  loss_ce_1_unscaled: 0.6931 (0.6931)  loss_coords_1_unscaled: 0.1259 (0.1301)  loss_raster_1_unscaled: 0.6354 (0.6467)  cardinality_error_1_unscaled: 35.0000 (36.0164)  loss_ce_2_unscaled: 0.6931 (0.6931)  loss_coords_2_unscaled: 0.1018 (0.1054)  loss_raster_2_unscaled: 0.5152 (0.5179)  cardinality_error_2_unscaled: 35.0000 (36.0164)  loss_ce_3_unscaled: 0.6931 (0.6931)  loss_coords_3_unscaled: 0.0919 (0.0949)  loss_raster_3_unscaled: 0.4655 (0.4541)  cardinality_error_3_unscaled: 35.0000 (36.0164)  loss_ce_4_unscaled: 0.6931 (0.6931)  loss_coords_4_unscaled: 0.0909 (0.0929)  loss_raster_4_unscaled: 0.4510 (0.4378)  cardinality_error_4_unscaled: 35.0000 (36.0164)  time: 0.4417  data: 0.0013  max mem: 8650
Epoch: [2]  [ 70/296]  eta: 0:01:40  lr: 0.000200  grad_norm: 2.06  loss: 1.0389 (1.0801)  loss_ce: 0.1783 (0.1894)  loss_coords: 0.4581 (0.4641)  loss_raster: 0.4190 (0.4266)  loss_ce_unscaled: 0.0891 (0.0947)  loss_coords_unscaled: 0.0916 (0.0928)  loss_raster_unscaled: 0.4190 (0.4266)  cardinality_error_unscaled: 16.6000 (23.6648)  loss_ce_0_unscaled: 0.6931 (0.6931)  loss_coords_0_unscaled: 0.1579 (0.1612)  loss_raster_0_unscaled: 0.7322 (0.7380)  cardinality_error_0_unscaled: 34.0000 (35.2944)  loss_ce_1_unscaled: 0.6931 (0.6931)  loss_coords_1_unscaled: 0.1262 (0.1297)  loss_raster_1_unscaled: 0.6353 (0.6392)  cardinality_error_1_unscaled: 34.0000 (35.2944)  loss_ce_2_unscaled: 0.6931 (0.6931)  loss_coords_2_unscaled: 0.1028 (0.1050)  loss_raster_2_unscaled: 0.4977 (0.5097)  cardinality_error_2_unscaled: 34.0000 (35.2944)  loss_ce_3_unscaled: 0.6931 (0.6931)  loss_coords_3_unscaled: 0.0930 (0.0948)  loss_raster_3_unscaled: 0.4388 (0.4459)  cardinality_error_3_unscaled: 34.0000 (35.2944)  loss_ce_4_unscaled: 0.6931 (0.6931)  loss_coords_4_unscaled: 0.0915 (0.0928)  loss_raster_4_unscaled: 0.4222 (0.4293)  cardinality_error_4_unscaled: 34.0000 (35.2944)  time: 0.4231  data: 0.0014  max mem: 8650
Epoch: [2]  [ 80/296]  eta: 0:01:35  lr: 0.000200  grad_norm: 2.72  loss: 1.0754 (1.0848)  loss_ce: 0.1802 (0.1895)  loss_coords: 0.4625 (0.4661)  loss_raster: 0.4208 (0.4292)  loss_ce_unscaled: 0.0901 (0.0948)  loss_coords_unscaled: 0.0925 (0.0932)  loss_raster_unscaled: 0.4208 (0.4292)  cardinality_error_unscaled: 19.3000 (23.7728)  loss_ce_0_unscaled: 0.6931 (0.6931)  loss_coords_0_unscaled: 0.1614 (0.1616)  loss_raster_0_unscaled: 0.7278 (0.7380)  cardinality_error_0_unscaled: 32.6000 (35.2753)  loss_ce_1_unscaled: 0.6931 (0.6931)  loss_coords_1_unscaled: 0.1298 (0.1300)  loss_raster_1_unscaled: 0.6271 (0.6394)  cardinality_error_1_unscaled: 32.6000 (35.2753)  loss_ce_2_unscaled: 0.6931 (0.6931)  loss_coords_2_unscaled: 0.1037 (0.1054)  loss_raster_2_unscaled: 0.4988 (0.5108)  cardinality_error_2_unscaled: 32.6000 (35.2753)  loss_ce_3_unscaled: 0.6931 (0.6931)  loss_coords_3_unscaled: 0.0939 (0.0952)  loss_raster_3_unscaled: 0.4339 (0.4478)  cardinality_error_3_unscaled: 32.6000 (35.2753)  loss_ce_4_unscaled: 0.6931 (0.6931)  loss_coords_4_unscaled: 0.0923 (0.0932)  loss_raster_4_unscaled: 0.4206 (0.4317)  cardinality_error_4_unscaled: 32.6000 (35.2753)  time: 0.4183  data: 0.0015  max mem: 8650
Epoch: [2]  [ 90/296]  eta: 0:01:30  lr: 0.000200  grad_norm: 3.07  loss: 1.1085 (1.0852)  loss_ce: 0.1858 (0.1901)  loss_coords: 0.4697 (0.4659)  loss_raster: 0.4340 (0.4292)  loss_ce_unscaled: 0.0929 (0.0950)  loss_coords_unscaled: 0.0939 (0.0932)  loss_raster_unscaled: 0.4340 (0.4292)  cardinality_error_unscaled: 27.2000 (24.6670)  loss_ce_0_unscaled: 0.6931 (0.6931)  loss_coords_0_unscaled: 0.1614 (0.1615)  loss_raster_0_unscaled: 0.7372 (0.7370)  cardinality_error_0_unscaled: 34.9000 (35.1868)  loss_ce_1_unscaled: 0.6931 (0.6931)  loss_coords_1_unscaled: 0.1298 (0.1299)  loss_raster_1_unscaled: 0.6397 (0.6392)  cardinality_error_1_unscaled: 34.9000 (35.1868)  loss_ce_2_unscaled: 0.6931 (0.6931)  loss_coords_2_unscaled: 0.1039 (0.1053)  loss_raster_2_unscaled: 0.5164 (0.5115)  cardinality_error_2_unscaled: 34.9000 (35.1868)  loss_ce_3_unscaled: 0.6931 (0.6931)  loss_coords_3_unscaled: 0.0945 (0.0951)  loss_raster_3_unscaled: 0.4513 (0.4482)  cardinality_error_3_unscaled: 34.9000 (35.1868)  loss_ce_4_unscaled: 0.6931 (0.6931)  loss_coords_4_unscaled: 0.0934 (0.0931)  loss_raster_4_unscaled: 0.4345 (0.4319)  cardinality_error_4_unscaled: 34.9000 (35.1868)  time: 0.4339  data: 0.0014  max mem: 8650
Epoch: [2]  [100/296]  eta: 0:01:26  lr: 0.000200  grad_norm: 3.42  loss: 1.1097 (1.0874)  loss_ce: 0.1905 (0.1903)  loss_coords: 0.4716 (0.4678)  loss_raster: 0.4253 (0.4292)  loss_ce_unscaled: 0.0952 (0.0952)  loss_coords_unscaled: 0.0943 (0.0936)  loss_raster_unscaled: 0.4253 (0.4292)  cardinality_error_unscaled: 30.3000 (25.0960)  loss_ce_0_unscaled: 0.6931 (0.6931)  loss_coords_0_unscaled: 0.1594 (0.1616)  loss_raster_0_unscaled: 0.7320 (0.7355)  cardinality_error_0_unscaled: 34.8000 (35.1931)  loss_ce_1_unscaled: 0.6931 (0.6931)  loss_coords_1_unscaled: 0.1277 (0.1300)  loss_raster_1_unscaled: 0.6353 (0.6377)  cardinality_error_1_unscaled: 34.8000 (35.1931)  loss_ce_2_unscaled: 0.6931 (0.6931)  loss_coords_2_unscaled: 0.1039 (0.1054)  loss_raster_2_unscaled: 0.5063 (0.5106)  cardinality_error_2_unscaled: 34.8000 (35.1931)  loss_ce_3_unscaled: 0.6931 (0.6931)  loss_coords_3_unscaled: 0.0950 (0.0954)  loss_raster_3_unscaled: 0.4439 (0.4476)  cardinality_error_3_unscaled: 34.8000 (35.1931)  loss_ce_4_unscaled: 0.6931 (0.6931)  loss_coords_4_unscaled: 0.0943 (0.0935)  loss_raster_4_unscaled: 0.4288 (0.4318)  cardinality_error_4_unscaled: 34.8000 (35.1931)  time: 0.4273  data: 0.0014  max mem: 8650
Epoch: [2]  [110/296]  eta: 0:01:21  lr: 0.000200  grad_norm: 2.74  loss: 1.1087 (1.0902)  loss_ce: 0.1850 (0.1899)  loss_coords: 0.4733 (0.4684)  loss_raster: 0.4508 (0.4319)  loss_ce_unscaled: 0.0925 (0.0950)  loss_coords_unscaled: 0.0947 (0.0937)  loss_raster_unscaled: 0.4508 (0.4319)  cardinality_error_unscaled: 21.9000 (24.6658)  loss_ce_0_unscaled: 0.6931 (0.6931)  loss_coords_0_unscaled: 0.1594 (0.1615)  loss_raster_0_unscaled: 0.7320 (0.7358)  cardinality_error_0_unscaled: 35.4000 (35.2703)  loss_ce_1_unscaled: 0.6931 (0.6931)  loss_coords_1_unscaled: 0.1277 (0.1299)  loss_raster_1_unscaled: 0.6370 (0.6391)  cardinality_error_1_unscaled: 35.4000 (35.2703)  loss_ce_2_unscaled: 0.6931 (0.6931)  loss_coords_2_unscaled: 0.1049 (0.1055)  loss_raster_2_unscaled: 0.5167 (0.5127)  cardinality_error_2_unscaled: 35.4000 (35.2703)  loss_ce_3_unscaled: 0.6931 (0.6931)  loss_coords_3_unscaled: 0.0965 (0.0955)  loss_raster_3_unscaled: 0.4636 (0.4501)  cardinality_error_3_unscaled: 35.4000 (35.2703)  loss_ce_4_unscaled: 0.6931 (0.6931)  loss_coords_4_unscaled: 0.0947 (0.0936)  loss_raster_4_unscaled: 0.4514 (0.4344)  cardinality_error_4_unscaled: 35.4000 (35.2703)  time: 0.4305  data: 0.0014  max mem: 8650
Epoch: [2]  [120/296]  eta: 0:01:17  lr: 0.000200  grad_norm: 2.11  loss: 1.0959 (1.0898)  loss_ce: 0.1817 (0.1893)  loss_coords: 0.4674 (0.4678)  loss_raster: 0.4537 (0.4327)  loss_ce_unscaled: 0.0908 (0.0946)  loss_coords_unscaled: 0.0935 (0.0936)  loss_raster_unscaled: 0.4537 (0.4327)  cardinality_error_unscaled: 19.3000 (24.4397)  loss_ce_0_unscaled: 0.6931 (0.6931)  loss_coords_0_unscaled: 0.1583 (0.1612)  loss_raster_0_unscaled: 0.7386 (0.7355)  cardinality_error_0_unscaled: 33.6000 (35.1479)  loss_ce_1_unscaled: 0.6931 (0.6931)  loss_coords_1_unscaled: 0.1266 (0.1297)  loss_raster_1_unscaled: 0.6518 (0.6392)  cardinality_error_1_unscaled: 33.6000 (35.1479)  loss_ce_2_unscaled: 0.6931 (0.6931)  loss_coords_2_unscaled: 0.1039 (0.1052)  loss_raster_2_unscaled: 0.5293 (0.5125)  cardinality_error_2_unscaled: 33.6000 (35.1479)  loss_ce_3_unscaled: 0.6931 (0.6931)  loss_coords_3_unscaled: 0.0941 (0.0953)  loss_raster_3_unscaled: 0.4696 (0.4506)  cardinality_error_3_unscaled: 33.6000 (35.1479)  loss_ce_4_unscaled: 0.6931 (0.6931)  loss_coords_4_unscaled: 0.0931 (0.0935)  loss_raster_4_unscaled: 0.4587 (0.4352)  cardinality_error_4_unscaled: 33.6000 (35.1479)  time: 0.4307  data: 0.0014  max mem: 8650
Epoch: [2]  [130/296]  eta: 0:01:12  lr: 0.000200  grad_norm: 3.56  loss: 1.0802 (1.0886)  loss_ce: 0.1817 (0.1890)  loss_coords: 0.4681 (0.4682)  loss_raster: 0.4364 (0.4315)  loss_ce_unscaled: 0.0908 (0.0945)  loss_coords_unscaled: 0.0936 (0.0936)  loss_raster_unscaled: 0.4364 (0.4315)  cardinality_error_unscaled: 19.3000 (24.3450)  loss_ce_0_unscaled: 0.6931 (0.6931)  loss_coords_0_unscaled: 0.1612 (0.1616)  loss_raster_0_unscaled: 0.7367 (0.7354)  cardinality_error_0_unscaled: 31.4000 (35.0664)  loss_ce_1_unscaled: 0.6931 (0.6931)  loss_coords_1_unscaled: 0.1286 (0.1298)  loss_raster_1_unscaled: 0.6392 (0.6381)  cardinality_error_1_unscaled: 31.4000 (35.0664)  loss_ce_2_unscaled: 0.6931 (0.6931)  loss_coords_2_unscaled: 0.1039 (0.1053)  loss_raster_2_unscaled: 0.5139 (0.5107)  cardinality_error_2_unscaled: 31.4000 (35.0664)  loss_ce_3_unscaled: 0.6931 (0.6931)  loss_coords_3_unscaled: 0.0941 (0.0954)  loss_raster_3_unscaled: 0.4532 (0.4492)  cardinality_error_3_unscaled: 31.4000 (35.0664)  loss_ce_4_unscaled: 0.6931 (0.6931)  loss_coords_4_unscaled: 0.0931 (0.0936)  loss_raster_4_unscaled: 0.4408 (0.4340)  cardinality_error_4_unscaled: 31.4000 (35.0664)  time: 0.4227  data: 0.0014  max mem: 8650
Epoch: [2]  [140/296]  eta: 0:01:07  lr: 0.000200  grad_norm: 3.50  loss: 1.0859 (1.0923)  loss_ce: 0.1910 (0.1903)  loss_coords: 0.4713 (0.4695)  loss_raster: 0.4290 (0.4324)  loss_ce_unscaled: 0.0955 (0.0951)  loss_coords_unscaled: 0.0943 (0.0939)  loss_raster_unscaled: 0.4290 (0.4324)  cardinality_error_unscaled: 25.2000 (24.6688)  loss_ce_0_unscaled: 0.6931 (0.6931)  loss_coords_0_unscaled: 0.1654 (0.1618)  loss_raster_0_unscaled: 0.7372 (0.7356)  cardinality_error_0_unscaled: 35.4000 (35.1915)  loss_ce_1_unscaled: 0.6931 (0.6931)  loss_coords_1_unscaled: 0.1301 (0.1300)  loss_raster_1_unscaled: 0.6320 (0.6381)  cardinality_error_1_unscaled: 35.4000 (35.1915)  loss_ce_2_unscaled: 0.6931 (0.6931)  loss_coords_2_unscaled: 0.1058 (0.1055)  loss_raster_2_unscaled: 0.5152 (0.5115)  cardinality_error_2_unscaled: 35.4000 (35.1915)  loss_ce_3_unscaled: 0.6931 (0.6931)  loss_coords_3_unscaled: 0.0960 (0.0957)  loss_raster_3_unscaled: 0.4505 (0.4503)  cardinality_error_3_unscaled: 35.4000 (35.1915)  loss_ce_4_unscaled: 0.6931 (0.6931)  loss_coords_4_unscaled: 0.0943 (0.0939)  loss_raster_4_unscaled: 0.4323 (0.4351)  cardinality_error_4_unscaled: 35.4000 (35.1915)  time: 0.4241  data: 0.0014  max mem: 8650
Epoch: [2]  [150/296]  eta: 0:01:03  lr: 0.000200  grad_norm: 1.46  loss: 1.0859 (1.0890)  loss_ce: 0.1893 (0.1897)  loss_coords: 0.4591 (0.4679)  loss_raster: 0.4409 (0.4314)  loss_ce_unscaled: 0.0946 (0.0948)  loss_coords_unscaled: 0.0918 (0.0936)  loss_raster_unscaled: 0.4409 (0.4314)  cardinality_error_unscaled: 28.9000 (24.7503)  loss_ce_0_unscaled: 0.6931 (0.6931)  loss_coords_0_unscaled: 0.1596 (0.1616)  loss_raster_0_unscaled: 0.7420 (0.7357)  cardinality_error_0_unscaled: 35.6000 (35.0695)  loss_ce_1_unscaled: 0.6931 (0.6931)  loss_coords_1_unscaled: 0.1270 (0.1297)  loss_raster_1_unscaled: 0.6425 (0.6375)  cardinality_error_1_unscaled: 35.6000 (35.0695)  loss_ce_2_unscaled: 0.6931 (0.6931)  loss_coords_2_unscaled: 0.1024 (0.1052)  loss_raster_2_unscaled: 0.5176 (0.5104)  cardinality_error_2_unscaled: 35.6000 (35.0695)  loss_ce_3_unscaled: 0.6931 (0.6931)  loss_coords_3_unscaled: 0.0935 (0.0953)  loss_raster_3_unscaled: 0.4556 (0.4492)  cardinality_error_3_unscaled: 35.6000 (35.0695)  loss_ce_4_unscaled: 0.6931 (0.6931)  loss_coords_4_unscaled: 0.0918 (0.0935)  loss_raster_4_unscaled: 0.4429 (0.4340)  cardinality_error_4_unscaled: 35.6000 (35.0695)  time: 0.4261  data: 0.0015  max mem: 8650
Epoch: [2]  [160/296]  eta: 0:00:59  lr: 0.000200  grad_norm: 1.23  loss: 1.0576 (1.0879)  loss_ce: 0.1797 (0.1895)  loss_coords: 0.4551 (0.4680)  loss_raster: 0.4159 (0.4303)  loss_ce_unscaled: 0.0898 (0.0947)  loss_coords_unscaled: 0.0910 (0.0936)  loss_raster_unscaled: 0.4159 (0.4303)  cardinality_error_unscaled: 24.8000 (24.7602)  loss_ce_0_unscaled: 0.6931 (0.6931)  loss_coords_0_unscaled: 0.1617 (0.1619)  loss_raster_0_unscaled: 0.7385 (0.7354)  cardinality_error_0_unscaled: 33.4000 (35.0093)  loss_ce_1_unscaled: 0.6931 (0.6931)  loss_coords_1_unscaled: 0.1273 (0.1298)  loss_raster_1_unscaled: 0.6293 (0.6372)  cardinality_error_1_unscaled: 33.4000 (35.0093)  loss_ce_2_unscaled: 0.6931 (0.6931)  loss_coords_2_unscaled: 0.1017 (0.1052)  loss_raster_2_unscaled: 0.4901 (0.5096)  cardinality_error_2_unscaled: 33.4000 (35.0093)  loss_ce_3_unscaled: 0.6931 (0.6931)  loss_coords_3_unscaled: 0.0918 (0.0954)  loss_raster_3_unscaled: 0.4295 (0.4483)  cardinality_error_3_unscaled: 33.4000 (35.0093)  loss_ce_4_unscaled: 0.6931 (0.6931)  loss_coords_4_unscaled: 0.0905 (0.0936)  loss_raster_4_unscaled: 0.4170 (0.4331)  cardinality_error_4_unscaled: 33.4000 (35.0093)  time: 0.4303  data: 0.0015  max mem: 8650
Epoch: [2]  [170/296]  eta: 0:00:54  lr: 0.000200  grad_norm: 2.27  loss: 1.0588 (1.0857)  loss_ce: 0.1819 (0.1892)  loss_coords: 0.4576 (0.4672)  loss_raster: 0.4116 (0.4293)  loss_ce_unscaled: 0.0909 (0.0946)  loss_coords_unscaled: 0.0915 (0.0934)  loss_raster_unscaled: 0.4116 (0.4293)  cardinality_error_unscaled: 26.4000 (25.0023)  loss_ce_0_unscaled: 0.6931 (0.6931)  loss_coords_0_unscaled: 0.1617 (0.1617)  loss_raster_0_unscaled: 0.7159 (0.7342)  cardinality_error_0_unscaled: 34.2000 (35.0205)  loss_ce_1_unscaled: 0.6931 (0.6931)  loss_coords_1_unscaled: 0.1273 (0.1296)  loss_raster_1_unscaled: 0.6243 (0.6358)  cardinality_error_1_unscaled: 34.2000 (35.0205)  loss_ce_2_unscaled: 0.6931 (0.6931)  loss_coords_2_unscaled: 0.1023 (0.1050)  loss_raster_2_unscaled: 0.4890 (0.5080)  cardinality_error_2_unscaled: 34.2000 (35.0205)  loss_ce_3_unscaled: 0.6931 (0.6931)  loss_coords_3_unscaled: 0.0929 (0.0952)  loss_raster_3_unscaled: 0.4278 (0.4469)  cardinality_error_3_unscaled: 34.2000 (35.0205)  loss_ce_4_unscaled: 0.6931 (0.6931)  loss_coords_4_unscaled: 0.0914 (0.0934)  loss_raster_4_unscaled: 0.4135 (0.4320)  cardinality_error_4_unscaled: 34.2000 (35.0205)  time: 0.4349  data: 0.0015  max mem: 8650
Epoch: [2]  [180/296]  eta: 0:00:50  lr: 0.000200  grad_norm: 5.55  loss: 1.0744 (1.0854)  loss_ce: 0.1840 (0.1889)  loss_coords: 0.4563 (0.4669)  loss_raster: 0.4188 (0.4295)  loss_ce_unscaled: 0.0920 (0.0945)  loss_coords_unscaled: 0.0913 (0.0934)  loss_raster_unscaled: 0.4188 (0.4295)  cardinality_error_unscaled: 26.4000 (25.0282)  loss_ce_0_unscaled: 0.6931 (0.6931)  loss_coords_0_unscaled: 0.1584 (0.1616)  loss_raster_0_unscaled: 0.7184 (0.7340)  cardinality_error_0_unscaled: 34.6000 (34.9790)  loss_ce_1_unscaled: 0.6931 (0.6931)  loss_coords_1_unscaled: 0.1251 (0.1294)  loss_raster_1_unscaled: 0.6250 (0.6356)  cardinality_error_1_unscaled: 34.6000 (34.9790)  loss_ce_2_unscaled: 0.6931 (0.6931)  loss_coords_2_unscaled: 0.1002 (0.1049)  loss_raster_2_unscaled: 0.4933 (0.5077)  cardinality_error_2_unscaled: 34.6000 (34.9790)  loss_ce_3_unscaled: 0.6931 (0.6931)  loss_coords_3_unscaled: 0.0924 (0.0951)  loss_raster_3_unscaled: 0.4280 (0.4469)  cardinality_error_3_unscaled: 34.6000 (34.9790)  loss_ce_4_unscaled: 0.6931 (0.6931)  loss_coords_4_unscaled: 0.0913 (0.0934)  loss_raster_4_unscaled: 0.4193 (0.4321)  cardinality_error_4_unscaled: 34.6000 (34.9790)  time: 0.4286  data: 0.0014  max mem: 8650
Epoch: [2]  [190/296]  eta: 0:00:46  lr: 0.000200  grad_norm: 3.22  loss: 1.0772 (1.0847)  loss_ce: 0.1867 (0.1890)  loss_coords: 0.4551 (0.4660)  loss_raster: 0.4272 (0.4297)  loss_ce_unscaled: 0.0933 (0.0945)  loss_coords_unscaled: 0.0910 (0.0932)  loss_raster_unscaled: 0.4272 (0.4297)  cardinality_error_unscaled: 23.7000 (24.8895)  loss_ce_0_unscaled: 0.6931 (0.6931)  loss_coords_0_unscaled: 0.1595 (0.1614)  loss_raster_0_unscaled: 0.7243 (0.7340)  cardinality_error_0_unscaled: 34.9000 (35.1895)  loss_ce_1_unscaled: 0.6931 (0.6931)  loss_coords_1_unscaled: 0.1281 (0.1292)  loss_raster_1_unscaled: 0.6294 (0.6354)  cardinality_error_1_unscaled: 34.9000 (35.1895)  loss_ce_2_unscaled: 0.6931 (0.6931)  loss_coords_2_unscaled: 0.1029 (0.1047)  loss_raster_2_unscaled: 0.5015 (0.5074)  cardinality_error_2_unscaled: 34.9000 (35.1895)  loss_ce_3_unscaled: 0.6931 (0.6931)  loss_coords_3_unscaled: 0.0924 (0.0949)  loss_raster_3_unscaled: 0.4421 (0.4468)  cardinality_error_3_unscaled: 34.9000 (35.1895)  loss_ce_4_unscaled: 0.6931 (0.6931)  loss_coords_4_unscaled: 0.0911 (0.0932)  loss_raster_4_unscaled: 0.4276 (0.4322)  cardinality_error_4_unscaled: 34.9000 (35.1895)  time: 0.4426  data: 0.0014  max mem: 8650
Epoch: [2]  [200/296]  eta: 0:00:41  lr: 0.000200  grad_norm: 4.43  loss: 1.0736 (1.0845)  loss_ce: 0.1867 (0.1890)  loss_coords: 0.4540 (0.4656)  loss_raster: 0.4343 (0.4299)  loss_ce_unscaled: 0.0933 (0.0945)  loss_coords_unscaled: 0.0908 (0.0931)  loss_raster_unscaled: 0.4343 (0.4299)  cardinality_error_unscaled: 19.4000 (24.7587)  loss_ce_0_unscaled: 0.6931 (0.6931)  loss_coords_0_unscaled: 0.1578 (0.1613)  loss_raster_0_unscaled: 0.7243 (0.7335)  cardinality_error_0_unscaled: 36.0000 (35.2274)  loss_ce_1_unscaled: 0.6931 (0.6931)  loss_coords_1_unscaled: 0.1251 (0.1291)  loss_raster_1_unscaled: 0.6252 (0.6343)  cardinality_error_1_unscaled: 36.0000 (35.2274)  loss_ce_2_unscaled: 0.6931 (0.6931)  loss_coords_2_unscaled: 0.1026 (0.1045)  loss_raster_2_unscaled: 0.4953 (0.5066)  cardinality_error_2_unscaled: 36.0000 (35.2274)  loss_ce_3_unscaled: 0.6931 (0.6931)  loss_coords_3_unscaled: 0.0926 (0.0948)  loss_raster_3_unscaled: 0.4472 (0.4467)  cardinality_error_3_unscaled: 36.0000 (35.2274)  loss_ce_4_unscaled: 0.6931 (0.6931)  loss_coords_4_unscaled: 0.0904 (0.0931)  loss_raster_4_unscaled: 0.4333 (0.4323)  cardinality_error_4_unscaled: 36.0000 (35.2274)  time: 0.4434  data: 0.0013  max mem: 8650
Epoch: [2]  [210/296]  eta: 0:00:37  lr: 0.000200  grad_norm: 1.93  loss: 1.0541 (1.0816)  loss_ce: 0.1794 (0.1885)  loss_coords: 0.4509 (0.4648)  loss_raster: 0.4220 (0.4283)  loss_ce_unscaled: 0.0897 (0.0942)  loss_coords_unscaled: 0.0902 (0.0930)  loss_raster_unscaled: 0.4220 (0.4283)  cardinality_error_unscaled: 20.1000 (24.7336)  loss_ce_0_unscaled: 0.6931 (0.6931)  loss_coords_0_unscaled: 0.1564 (0.1612)  loss_raster_0_unscaled: 0.7202 (0.7320)  cardinality_error_0_unscaled: 33.5000 (35.1071)  loss_ce_1_unscaled: 0.6931 (0.6931)  loss_coords_1_unscaled: 0.1237 (0.1289)  loss_raster_1_unscaled: 0.6019 (0.6322)  cardinality_error_1_unscaled: 33.5000 (35.1071)  loss_ce_2_unscaled: 0.6931 (0.6931)  loss_coords_2_unscaled: 0.1012 (0.1044)  loss_raster_2_unscaled: 0.4883 (0.5047)  cardinality_error_2_unscaled: 33.5000 (35.1071)  loss_ce_3_unscaled: 0.6931 (0.6931)  loss_coords_3_unscaled: 0.0905 (0.0946)  loss_raster_3_unscaled: 0.4358 (0.4449)  cardinality_error_3_unscaled: 33.5000 (35.1071)  loss_ce_4_unscaled: 0.6931 (0.6931)  loss_coords_4_unscaled: 0.0902 (0.0929)  loss_raster_4_unscaled: 0.4231 (0.4307)  cardinality_error_4_unscaled: 33.5000 (35.1071)  time: 0.4213  data: 0.0014  max mem: 8650
Epoch: [2]  [220/296]  eta: 0:00:33  lr: 0.000200  grad_norm: 2.88  loss: 1.0664 (1.0842)  loss_ce: 0.1880 (0.1888)  loss_coords: 0.4594 (0.4654)  loss_raster: 0.4325 (0.4300)  loss_ce_unscaled: 0.0940 (0.0944)  loss_coords_unscaled: 0.0919 (0.0931)  loss_raster_unscaled: 0.4325 (0.4300)  cardinality_error_unscaled: 20.2000 (24.5502)  loss_ce_0_unscaled: 0.6931 (0.6931)  loss_coords_0_unscaled: 0.1565 (0.1611)  loss_raster_0_unscaled: 0.7378 (0.7326)  cardinality_error_0_unscaled: 37.0000 (35.3059)  loss_ce_1_unscaled: 0.6931 (0.6931)  loss_coords_1_unscaled: 0.1257 (0.1288)  loss_raster_1_unscaled: 0.6288 (0.6329)  cardinality_error_1_unscaled: 37.0000 (35.3059)  loss_ce_2_unscaled: 0.6931 (0.6931)  loss_coords_2_unscaled: 0.1016 (0.1044)  loss_raster_2_unscaled: 0.4991 (0.5059)  cardinality_error_2_unscaled: 37.0000 (35.3059)  loss_ce_3_unscaled: 0.6931 (0.6931)  loss_coords_3_unscaled: 0.0929 (0.0948)  loss_raster_3_unscaled: 0.4429 (0.4465)  cardinality_error_3_unscaled: 37.0000 (35.3059)  loss_ce_4_unscaled: 0.6931 (0.6931)  loss_coords_4_unscaled: 0.0919 (0.0931)  loss_raster_4_unscaled: 0.4333 (0.4324)  cardinality_error_4_unscaled: 37.0000 (35.3059)  time: 0.4365  data: 0.0014  max mem: 8650
Epoch: [2]  [230/296]  eta: 0:00:28  lr: 0.000200  grad_norm: 3.44  loss: 1.0987 (1.0832)  loss_ce: 0.1948 (0.1887)  loss_coords: 0.4618 (0.4651)  loss_raster: 0.4339 (0.4294)  loss_ce_unscaled: 0.0974 (0.0944)  loss_coords_unscaled: 0.0924 (0.0930)  loss_raster_unscaled: 0.4339 (0.4294)  cardinality_error_unscaled: 19.7000 (24.5186)  loss_ce_0_unscaled: 0.6931 (0.6931)  loss_coords_0_unscaled: 0.1587 (0.1611)  loss_raster_0_unscaled: 0.7425 (0.7324)  cardinality_error_0_unscaled: 37.0000 (35.3286)  loss_ce_1_unscaled: 0.6931 (0.6931)  loss_coords_1_unscaled: 0.1258 (0.1287)  loss_raster_1_unscaled: 0.6366 (0.6326)  cardinality_error_1_unscaled: 37.0000 (35.3286)  loss_ce_2_unscaled: 0.6931 (0.6931)  loss_coords_2_unscaled: 0.1017 (0.1043)  loss_raster_2_unscaled: 0.5031 (0.5052)  cardinality_error_2_unscaled: 37.0000 (35.3286)  loss_ce_3_unscaled: 0.6931 (0.6931)  loss_coords_3_unscaled: 0.0935 (0.0947)  loss_raster_3_unscaled: 0.4488 (0.4458)  cardinality_error_3_unscaled: 37.0000 (35.3286)  loss_ce_4_unscaled: 0.6931 (0.6931)  loss_coords_4_unscaled: 0.0925 (0.0930)  loss_raster_4_unscaled: 0.4374 (0.4318)  cardinality_error_4_unscaled: 37.0000 (35.3286)  time: 0.4445  data: 0.0013  max mem: 8650
Epoch: [2]  [240/296]  eta: 0:00:24  lr: 0.000200  grad_norm: 2.45  loss: 1.0760 (1.0842)  loss_ce: 0.1942 (0.1894)  loss_coords: 0.4454 (0.4647)  loss_raster: 0.4356 (0.4300)  loss_ce_unscaled: 0.0971 (0.0947)  loss_coords_unscaled: 0.0891 (0.0929)  loss_raster_unscaled: 0.4356 (0.4300)  cardinality_error_unscaled: 21.7000 (24.5448)  loss_ce_0_unscaled: 0.6931 (0.6931)  loss_coords_0_unscaled: 0.1587 (0.1611)  loss_raster_0_unscaled: 0.7355 (0.7329)  cardinality_error_0_unscaled: 36.8000 (35.4477)  loss_ce_1_unscaled: 0.6931 (0.6931)  loss_coords_1_unscaled: 0.1247 (0.1287)  loss_raster_1_unscaled: 0.6368 (0.6325)  cardinality_error_1_unscaled: 36.8000 (35.4477)  loss_ce_2_unscaled: 0.6931 (0.6931)  loss_coords_2_unscaled: 0.0997 (0.1043)  loss_raster_2_unscaled: 0.5074 (0.5055)  cardinality_error_2_unscaled: 36.8000 (35.4477)  loss_ce_3_unscaled: 0.6931 (0.6931)  loss_coords_3_unscaled: 0.0905 (0.0946)  loss_raster_3_unscaled: 0.4496 (0.4464)  cardinality_error_3_unscaled: 36.8000 (35.4477)  loss_ce_4_unscaled: 0.6931 (0.6931)  loss_coords_4_unscaled: 0.0894 (0.0929)  loss_raster_4_unscaled: 0.4407 (0.4324)  cardinality_error_4_unscaled: 36.8000 (35.4477)  time: 0.4454  data: 0.0013  max mem: 8650
Epoch: [2]  [250/296]  eta: 0:00:20  lr: 0.000200  grad_norm: 2.70  loss: 1.0757 (1.0843)  loss_ce: 0.1939 (0.1896)  loss_coords: 0.4520 (0.4646)  loss_raster: 0.4289 (0.4301)  loss_ce_unscaled: 0.0970 (0.0948)  loss_coords_unscaled: 0.0904 (0.0929)  loss_raster_unscaled: 0.4289 (0.4301)  cardinality_error_unscaled: 28.1000 (24.7606)  loss_ce_0_unscaled: 0.6931 (0.6931)  loss_coords_0_unscaled: 0.1586 (0.1611)  loss_raster_0_unscaled: 0.7355 (0.7327)  cardinality_error_0_unscaled: 35.0000 (35.3809)  loss_ce_1_unscaled: 0.6931 (0.6931)  loss_coords_1_unscaled: 0.1241 (0.1287)  loss_raster_1_unscaled: 0.6428 (0.6324)  cardinality_error_1_unscaled: 35.0000 (35.3809)  loss_ce_2_unscaled: 0.6931 (0.6931)  loss_coords_2_unscaled: 0.1019 (0.1043)  loss_raster_2_unscaled: 0.5151 (0.5057)  cardinality_error_2_unscaled: 35.0000 (35.3809)  loss_ce_3_unscaled: 0.6931 (0.6931)  loss_coords_3_unscaled: 0.0919 (0.0946)  loss_raster_3_unscaled: 0.4496 (0.4465)  cardinality_error_3_unscaled: 35.0000 (35.3809)  loss_ce_4_unscaled: 0.6931 (0.6931)  loss_coords_4_unscaled: 0.0901 (0.0929)  loss_raster_4_unscaled: 0.4328 (0.4325)  cardinality_error_4_unscaled: 35.0000 (35.3809)  time: 0.4388  data: 0.0012  max mem: 8650
Epoch: [2]  [260/296]  eta: 0:00:15  lr: 0.000200  grad_norm: 3.15  loss: 1.0572 (1.0838)  loss_ce: 0.1874 (0.1896)  loss_coords: 0.4522 (0.4648)  loss_raster: 0.4119 (0.4295)  loss_ce_unscaled: 0.0937 (0.0948)  loss_coords_unscaled: 0.0904 (0.0930)  loss_raster_unscaled: 0.4119 (0.4295)  cardinality_error_unscaled: 27.6000 (24.8452)  loss_ce_0_unscaled: 0.6931 (0.6931)  loss_coords_0_unscaled: 0.1586 (0.1610)  loss_raster_0_unscaled: 0.7130 (0.7321)  cardinality_error_0_unscaled: 32.6000 (35.3778)  loss_ce_1_unscaled: 0.6931 (0.6931)  loss_coords_1_unscaled: 0.1249 (0.1286)  loss_raster_1_unscaled: 0.6171 (0.6315)  cardinality_error_1_unscaled: 32.6000 (35.3778)  loss_ce_2_unscaled: 0.6931 (0.6931)  loss_coords_2_unscaled: 0.0998 (0.1042)  loss_raster_2_unscaled: 0.4884 (0.5047)  cardinality_error_2_unscaled: 32.6000 (35.3778)  loss_ce_3_unscaled: 0.6931 (0.6931)  loss_coords_3_unscaled: 0.0919 (0.0946)  loss_raster_3_unscaled: 0.4361 (0.4458)  cardinality_error_3_unscaled: 32.6000 (35.3778)  loss_ce_4_unscaled: 0.6931 (0.6931)  loss_coords_4_unscaled: 0.0907 (0.0929)  loss_raster_4_unscaled: 0.4221 (0.4318)  cardinality_error_4_unscaled: 32.6000 (35.3778)  time: 0.4234  data: 0.0013  max mem: 8650
Epoch: [2]  [270/296]  eta: 0:00:11  lr: 0.000200  grad_norm: 2.29  loss: 1.0612 (1.0821)  loss_ce: 0.1779 (0.1891)  loss_coords: 0.4513 (0.4640)  loss_raster: 0.4090 (0.4291)  loss_ce_unscaled: 0.0890 (0.0945)  loss_coords_unscaled: 0.0903 (0.0928)  loss_raster_unscaled: 0.4090 (0.4291)  cardinality_error_unscaled: 24.6000 (24.7528)  loss_ce_0_unscaled: 0.6931 (0.6931)  loss_coords_0_unscaled: 0.1576 (0.1610)  loss_raster_0_unscaled: 0.7177 (0.7317)  cardinality_error_0_unscaled: 35.4000 (35.3550)  loss_ce_1_unscaled: 0.6931 (0.6931)  loss_coords_1_unscaled: 0.1240 (0.1284)  loss_raster_1_unscaled: 0.6086 (0.6313)  cardinality_error_1_unscaled: 35.4000 (35.3550)  loss_ce_2_unscaled: 0.6931 (0.6931)  loss_coords_2_unscaled: 0.0995 (0.1040)  loss_raster_2_unscaled: 0.4868 (0.5042)  cardinality_error_2_unscaled: 35.4000 (35.3550)  loss_ce_3_unscaled: 0.6931 (0.6931)  loss_coords_3_unscaled: 0.0908 (0.0945)  loss_raster_3_unscaled: 0.4250 (0.4452)  cardinality_error_3_unscaled: 35.4000 (35.3550)  loss_ce_4_unscaled: 0.6931 (0.6931)  loss_coords_4_unscaled: 0.0904 (0.0928)  loss_raster_4_unscaled: 0.4113 (0.4314)  cardinality_error_4_unscaled: 35.4000 (35.3550)  time: 0.4306  data: 0.0014  max mem: 8650
Epoch: [2]  [280/296]  eta: 0:00:06  lr: 0.000200  grad_norm: 3.52  loss: 1.0612 (1.0814)  loss_ce: 0.1699 (0.1887)  loss_coords: 0.4457 (0.4635)  loss_raster: 0.4315 (0.4291)  loss_ce_unscaled: 0.0850 (0.0944)  loss_coords_unscaled: 0.0891 (0.0927)  loss_raster_unscaled: 0.4315 (0.4291)  cardinality_error_unscaled: 21.2000 (24.7082)  loss_ce_0_unscaled: 0.6931 (0.6931)  loss_coords_0_unscaled: 0.1570 (0.1608)  loss_raster_0_unscaled: 0.7285 (0.7316)  cardinality_error_0_unscaled: 33.6000 (35.3078)  loss_ce_1_unscaled: 0.6931 (0.6931)  loss_coords_1_unscaled: 0.1235 (0.1283)  loss_raster_1_unscaled: 0.6298 (0.6313)  cardinality_error_1_unscaled: 33.6000 (35.3078)  loss_ce_2_unscaled: 0.6931 (0.6931)  loss_coords_2_unscaled: 0.1006 (0.1039)  loss_raster_2_unscaled: 0.4989 (0.5043)  cardinality_error_2_unscaled: 33.6000 (35.3078)  loss_ce_3_unscaled: 0.6931 (0.6931)  loss_coords_3_unscaled: 0.0912 (0.0943)  loss_raster_3_unscaled: 0.4534 (0.4453)  cardinality_error_3_unscaled: 33.6000 (35.3078)  loss_ce_4_unscaled: 0.6931 (0.6931)  loss_coords_4_unscaled: 0.0895 (0.0927)  loss_raster_4_unscaled: 0.4404 (0.4315)  cardinality_error_4_unscaled: 33.6000 (35.3078)  time: 0.4292  data: 0.0014  max mem: 8650
Epoch: [2]  [290/296]  eta: 0:00:02  lr: 0.000200  grad_norm: 2.86  loss: 1.1104 (1.0823)  loss_ce: 0.1812 (0.1888)  loss_coords: 0.4644 (0.4640)  loss_raster: 0.4411 (0.4295)  loss_ce_unscaled: 0.0906 (0.0944)  loss_coords_unscaled: 0.0929 (0.0928)  loss_raster_unscaled: 0.4411 (0.4295)  cardinality_error_unscaled: 20.6000 (24.5612)  loss_ce_0_unscaled: 0.6931 (0.6931)  loss_coords_0_unscaled: 0.1581 (0.1607)  loss_raster_0_unscaled: 0.7202 (0.7312)  cardinality_error_0_unscaled: 34.3000 (35.3003)  loss_ce_1_unscaled: 0.6931 (0.6931)  loss_coords_1_unscaled: 0.1264 (0.1282)  loss_raster_1_unscaled: 0.6388 (0.6313)  cardinality_error_1_unscaled: 34.3000 (35.3003)  loss_ce_2_unscaled: 0.6931 (0.6931)  loss_coords_2_unscaled: 0.1036 (0.1039)  loss_raster_2_unscaled: 0.5241 (0.5045)  cardinality_error_2_unscaled: 34.3000 (35.3003)  loss_ce_3_unscaled: 0.6931 (0.6931)  loss_coords_3_unscaled: 0.0944 (0.0944)  loss_raster_3_unscaled: 0.4618 (0.4457)  cardinality_error_3_unscaled: 34.3000 (35.3003)  loss_ce_4_unscaled: 0.6931 (0.6931)  loss_coords_4_unscaled: 0.0931 (0.0928)  loss_raster_4_unscaled: 0.4427 (0.4319)  cardinality_error_4_unscaled: 34.3000 (35.3003)  time: 0.4250  data: 0.0014  max mem: 8650
Epoch: [2]  [295/296]  eta: 0:00:00  lr: 0.000200  grad_norm: 1.36  loss: 1.1105 (1.0824)  loss_ce: 0.1836 (0.1887)  loss_coords: 0.4702 (0.4639)  loss_raster: 0.4413 (0.4298)  loss_ce_unscaled: 0.0918 (0.0944)  loss_coords_unscaled: 0.0940 (0.0928)  loss_raster_unscaled: 0.4413 (0.4298)  cardinality_error_unscaled: 23.4000 (24.5970)  loss_ce_0_unscaled: 0.6931 (0.6931)  loss_coords_0_unscaled: 0.1581 (0.1606)  loss_raster_0_unscaled: 0.7258 (0.7311)  cardinality_error_0_unscaled: 36.2000 (35.3321)  loss_ce_1_unscaled: 0.6931 (0.6931)  loss_coords_1_unscaled: 0.1266 (0.1281)  loss_raster_1_unscaled: 0.6321 (0.6312)  cardinality_error_1_unscaled: 36.2000 (35.3321)  loss_ce_2_unscaled: 0.6931 (0.6931)  loss_coords_2_unscaled: 0.1039 (0.1039)  loss_raster_2_unscaled: 0.5198 (0.5046)  cardinality_error_2_unscaled: 36.2000 (35.3321)  loss_ce_3_unscaled: 0.6931 (0.6931)  loss_coords_3_unscaled: 0.0957 (0.0944)  loss_raster_3_unscaled: 0.4606 (0.4459)  cardinality_error_3_unscaled: 36.2000 (35.3321)  loss_ce_4_unscaled: 0.6931 (0.6931)  loss_coords_4_unscaled: 0.0946 (0.0928)  loss_raster_4_unscaled: 0.4447 (0.4322)  cardinality_error_4_unscaled: 36.2000 (35.3321)  time: 0.4278  data: 0.0011  max mem: 8650
Epoch: [2] Total time: 0:02:08 (0.4348 s / it)
Averaged stats: lr: 0.000200  grad_norm: 1.36  loss: 1.1105 (1.0824)  loss_ce: 0.1836 (0.1887)  loss_coords: 0.4702 (0.4639)  loss_raster: 0.4413 (0.4298)  loss_ce_unscaled: 0.0918 (0.0944)  loss_coords_unscaled: 0.0940 (0.0928)  loss_raster_unscaled: 0.4413 (0.4298)  cardinality_error_unscaled: 23.4000 (24.5970)  loss_ce_0_unscaled: 0.6931 (0.6931)  loss_coords_0_unscaled: 0.1581 (0.1606)  loss_raster_0_unscaled: 0.7258 (0.7311)  cardinality_error_0_unscaled: 36.2000 (35.3321)  loss_ce_1_unscaled: 0.6931 (0.6931)  loss_coords_1_unscaled: 0.1266 (0.1281)  loss_raster_1_unscaled: 0.6321 (0.6312)  cardinality_error_1_unscaled: 36.2000 (35.3321)  loss_ce_2_unscaled: 0.6931 (0.6931)  loss_coords_2_unscaled: 0.1039 (0.1039)  loss_raster_2_unscaled: 0.5198 (0.5046)  cardinality_error_2_unscaled: 36.2000 (35.3321)  loss_ce_3_unscaled: 0.6931 (0.6931)  loss_coords_3_unscaled: 0.0957 (0.0944)  loss_raster_3_unscaled: 0.4606 (0.4459)  cardinality_error_3_unscaled: 36.2000 (35.3321)  loss_ce_4_unscaled: 0.6931 (0.6931)  loss_coords_4_unscaled: 0.0946 (0.0928)  loss_raster_4_unscaled: 0.4447 (0.4322)  cardinality_error_4_unscaled: 36.2000 (35.3321)
Selected device is: cuda
Creating Structured3D Dataset with 250 scenes...
Running Evaluation for scene 3000
Selected device is: cuda
Creating Structured3D Dataset with 250 scenes...
Running Evaluation for scene 3001
Selected device is: cuda
Creating Structured3D Dataset with 250 scenes...
Running Evaluation for scene 3002
Selected device is: cuda
Creating Structured3D Dataset with 250 scenes...
Running Evaluation for scene 3003
Selected device is: cuda
Creating Structured3D Dataset with 250 scenes...
Running Evaluation for scene 3004
Selected device is: cuda
Creating Structured3D Dataset with 250 scenes...
Running Evaluation for scene 3005
Selected device is: cuda
Creating Structured3D Dataset with 250 scenes...
Running Evaluation for scene 3006
Selected device is: cuda
Creating Structured3D Dataset with 250 scenes...
Running Evaluation for scene 3007
Selected device is: cuda
Creating Structured3D Dataset with 250 scenes...
Running Evaluation for scene 3008
Selected device is: cuda
Creating Structured3D Dataset with 250 scenes...
Running Evaluation for scene 3009
Test:  [ 0/25]  eta: 0:00:30  room_prec: 0.0000 (0.0000)  room_rec: 0.0000 (0.0000)  corner_prec: 0.0000 (0.0000)  corner_rec: 0.0000 (0.0000)  angles_prec: 0.0000 (0.0000)  angles_rec: 0.0000 (0.0000)  loss: 1.0932 (1.0932)  loss_ce: 0.1571 (0.1571)  loss_coords: 0.4663 (0.4663)  loss_raster: 0.4699 (0.4699)  loss_ce_unscaled: 0.0785 (0.0785)  loss_coords_unscaled: 0.0933 (0.0933)  loss_raster_unscaled: 0.4699 (0.4699)  cardinality_error_unscaled: 14.2000 (14.2000)  loss_ce_0_unscaled: 0.6931 (0.6931)  loss_coords_0_unscaled: 0.1564 (0.1564)  loss_raster_0_unscaled: 0.7344 (0.7344)  cardinality_error_0_unscaled: 35.0000 (35.0000)  loss_ce_1_unscaled: 0.6931 (0.6931)  loss_coords_1_unscaled: 0.1236 (0.1236)  loss_raster_1_unscaled: 0.6665 (0.6665)  cardinality_error_1_unscaled: 35.0000 (35.0000)  loss_ce_2_unscaled: 0.6931 (0.6931)  loss_coords_2_unscaled: 0.1017 (0.1017)  loss_raster_2_unscaled: 0.5372 (0.5372)  cardinality_error_2_unscaled: 35.0000 (35.0000)  loss_ce_3_unscaled: 0.6931 (0.6931)  loss_coords_3_unscaled: 0.0934 (0.0934)  loss_raster_3_unscaled: 0.4794 (0.4794)  cardinality_error_3_unscaled: 35.0000 (35.0000)  loss_ce_4_unscaled: 0.6931 (0.6931)  loss_coords_4_unscaled: 0.0929 (0.0929)  loss_raster_4_unscaled: 0.4709 (0.4709)  cardinality_error_4_unscaled: 35.0000 (35.0000)  time: 1.2245  data: 0.4675  max mem: 8650
Selected device is: cuda
Creating Structured3D Dataset with 250 scenes...
Running Evaluation for scene 3010
Selected device is: cuda
Creating Structured3D Dataset with 250 scenes...
Running Evaluation for scene 3011
Selected device is: cuda
Creating Structured3D Dataset with 250 scenes...
Running Evaluation for scene 3012
Selected device is: cuda
Creating Structured3D Dataset with 250 scenes...
Running Evaluation for scene 3013
Selected device is: cuda
Creating Structured3D Dataset with 250 scenes...
Running Evaluation for scene 3014
Selected device is: cuda
Creating Structured3D Dataset with 250 scenes...
Running Evaluation for scene 3015
Selected device is: cuda
Creating Structured3D Dataset with 250 scenes...
Running Evaluation for scene 3016
Selected device is: cuda
Creating Structured3D Dataset with 250 scenes...
Running Evaluation for scene 3017
Selected device is: cuda
Creating Structured3D Dataset with 250 scenes...
Running Evaluation for scene 3018
Selected device is: cuda
Creating Structured3D Dataset with 250 scenes...
Running Evaluation for scene 3019
Selected device is: cuda
Creating Structured3D Dataset with 250 scenes...
Running Evaluation for scene 3020
Selected device is: cuda
Creating Structured3D Dataset with 250 scenes...
Running Evaluation for scene 3021
Selected device is: cuda
Creating Structured3D Dataset with 250 scenes...
Running Evaluation for scene 3022
Selected device is: cuda
Creating Structured3D Dataset with 250 scenes...
Running Evaluation for scene 3023
Selected device is: cuda
Creating Structured3D Dataset with 250 scenes...
Running Evaluation for scene 3024
Selected device is: cuda
Creating Structured3D Dataset with 250 scenes...
Running Evaluation for scene 3025
Selected device is: cuda
Creating Structured3D Dataset with 250 scenes...
Running Evaluation for scene 3026
Selected device is: cuda
Creating Structured3D Dataset with 250 scenes...
Running Evaluation for scene 3027
Selected device is: cuda
Creating Structured3D Dataset with 250 scenes...
Running Evaluation for scene 3028
Selected device is: cuda
Creating Structured3D Dataset with 250 scenes...
Running Evaluation for scene 3029
Selected device is: cuda
Creating Structured3D Dataset with 250 scenes...
Running Evaluation for scene 3030
Selected device is: cuda
Creating Structured3D Dataset with 250 scenes...
Running Evaluation for scene 3031
Selected device is: cuda
Creating Structured3D Dataset with 250 scenes...
Running Evaluation for scene 3032
Selected device is: cuda
Creating Structured3D Dataset with 250 scenes...
Running Evaluation for scene 3033
Selected device is: cuda
Creating Structured3D Dataset with 250 scenes...
Running Evaluation for scene 3034
Selected device is: cuda
Creating Structured3D Dataset with 250 scenes...
Running Evaluation for scene 3035
Selected device is: cuda
Creating Structured3D Dataset with 250 scenes...
Running Evaluation for scene 3036
Selected device is: cuda
Creating Structured3D Dataset with 250 scenes...
Running Evaluation for scene 3037
Selected device is: cuda
Creating Structured3D Dataset with 250 scenes...
Running Evaluation for scene 3038
Selected device is: cuda
Creating Structured3D Dataset with 250 scenes...
Running Evaluation for scene 3039
Selected device is: cuda
Creating Structured3D Dataset with 250 scenes...
Running Evaluation for scene 3040
Selected device is: cuda
Creating Structured3D Dataset with 250 scenes...
Running Evaluation for scene 3041
Selected device is: cuda
Creating Structured3D Dataset with 250 scenes...
Running Evaluation for scene 3042
Selected device is: cuda
Creating Structured3D Dataset with 250 scenes...
Running Evaluation for scene 3043
Selected device is: cuda
Creating Structured3D Dataset with 250 scenes...
Running Evaluation for scene 3044
Selected device is: cuda
Creating Structured3D Dataset with 250 scenes...
Running Evaluation for scene 3045
Selected device is: cuda
Creating Structured3D Dataset with 250 scenes...
Running Evaluation for scene 3046
Selected device is: cuda
Creating Structured3D Dataset with 250 scenes...
Running Evaluation for scene 3047
Selected device is: cuda
Creating Structured3D Dataset with 250 scenes...
Running Evaluation for scene 3048
Selected device is: cuda
Creating Structured3D Dataset with 250 scenes...
Running Evaluation for scene 3049
Selected device is: cuda
Creating Structured3D Dataset with 250 scenes...
Running Evaluation for scene 3050
Selected device is: cuda
Creating Structured3D Dataset with 250 scenes...
Running Evaluation for scene 3051
Selected device is: cuda
Creating Structured3D Dataset with 250 scenes...
Running Evaluation for scene 3052
Selected device is: cuda
Creating Structured3D Dataset with 250 scenes...
Running Evaluation for scene 3053
Selected device is: cuda
Creating Structured3D Dataset with 250 scenes...
Running Evaluation for scene 3054
Selected device is: cuda
Creating Structured3D Dataset with 250 scenes...
Running Evaluation for scene 3055
Selected device is: cuda
Creating Structured3D Dataset with 250 scenes...
Running Evaluation for scene 3056
Selected device is: cuda
Creating Structured3D Dataset with 250 scenes...
Running Evaluation for scene 3057
Selected device is: cuda
Creating Structured3D Dataset with 250 scenes...
Running Evaluation for scene 3058
Selected device is: cuda
Creating Structured3D Dataset with 250 scenes...
Running Evaluation for scene 3059
Selected device is: cuda
Creating Structured3D Dataset with 250 scenes...
Running Evaluation for scene 3060
Selected device is: cuda
Creating Structured3D Dataset with 250 scenes...
Running Evaluation for scene 3061
Selected device is: cuda
Creating Structured3D Dataset with 250 scenes...
Running Evaluation for scene 3062
Selected device is: cuda
Creating Structured3D Dataset with 250 scenes...
Running Evaluation for scene 3063
Selected device is: cuda
Creating Structured3D Dataset with 250 scenes...
Running Evaluation for scene 3064
Selected device is: cuda
Creating Structured3D Dataset with 250 scenes...
Running Evaluation for scene 3065
Selected device is: cuda
Creating Structured3D Dataset with 250 scenes...
Running Evaluation for scene 3066
Selected device is: cuda
Creating Structured3D Dataset with 250 scenes...
Running Evaluation for scene 3067
Selected device is: cuda
Creating Structured3D Dataset with 250 scenes...
Running Evaluation for scene 3068
Selected device is: cuda
Creating Structured3D Dataset with 250 scenes...
Running Evaluation for scene 3069
Selected device is: cuda
Creating Structured3D Dataset with 250 scenes...
Running Evaluation for scene 3070
Selected device is: cuda
Creating Structured3D Dataset with 250 scenes...
Running Evaluation for scene 3071
Selected device is: cuda
Creating Structured3D Dataset with 250 scenes...
Running Evaluation for scene 3072
Selected device is: cuda
Creating Structured3D Dataset with 250 scenes...
Running Evaluation for scene 3073
Selected device is: cuda
Creating Structured3D Dataset with 250 scenes...
Running Evaluation for scene 3074
Selected device is: cuda
Creating Structured3D Dataset with 250 scenes...
Running Evaluation for scene 3075
Selected device is: cuda
Creating Structured3D Dataset with 250 scenes...
Running Evaluation for scene 3076
Selected device is: cuda
Creating Structured3D Dataset with 250 scenes...
Running Evaluation for scene 3077
Selected device is: cuda
Creating Structured3D Dataset with 250 scenes...
Running Evaluation for scene 3078
Selected device is: cuda
Creating Structured3D Dataset with 250 scenes...
Running Evaluation for scene 3079
Selected device is: cuda
Creating Structured3D Dataset with 250 scenes...
Running Evaluation for scene 3080
Selected device is: cuda
Creating Structured3D Dataset with 250 scenes...
Running Evaluation for scene 3081
Selected device is: cuda
Creating Structured3D Dataset with 250 scenes...
Running Evaluation for scene 3082
Selected device is: cuda
Creating Structured3D Dataset with 250 scenes...
Running Evaluation for scene 3083
Selected device is: cuda
Creating Structured3D Dataset with 250 scenes...
Running Evaluation for scene 3084
Selected device is: cuda
Creating Structured3D Dataset with 250 scenes...
Running Evaluation for scene 3085
Selected device is: cuda
Creating Structured3D Dataset with 250 scenes...
Running Evaluation for scene 3086
Selected device is: cuda
Creating Structured3D Dataset with 250 scenes...
Running Evaluation for scene 3087
Selected device is: cuda
Creating Structured3D Dataset with 250 scenes...
Running Evaluation for scene 3088
Selected device is: cuda
Creating Structured3D Dataset with 250 scenes...
Running Evaluation for scene 3089
Selected device is: cuda
Creating Structured3D Dataset with 250 scenes...
Running Evaluation for scene 3090
Selected device is: cuda
Creating Structured3D Dataset with 250 scenes...
Running Evaluation for scene 3091
Selected device is: cuda
Creating Structured3D Dataset with 250 scenes...
Running Evaluation for scene 3092
Selected device is: cuda
Creating Structured3D Dataset with 250 scenes...
Running Evaluation for scene 3093
Selected device is: cuda
Creating Structured3D Dataset with 250 scenes...
Running Evaluation for scene 3094
Selected device is: cuda
Creating Structured3D Dataset with 250 scenes...
Running Evaluation for scene 3095
Selected device is: cuda
Creating Structured3D Dataset with 250 scenes...
Running Evaluation for scene 3096
Selected device is: cuda
Creating Structured3D Dataset with 250 scenes...
Running Evaluation for scene 3097
Selected device is: cuda
Creating Structured3D Dataset with 250 scenes...
Running Evaluation for scene 3098
Selected device is: cuda
Creating Structured3D Dataset with 250 scenes...
Running Evaluation for scene 3099
Selected device is: cuda
Creating Structured3D Dataset with 250 scenes...
Running Evaluation for scene 3100
Selected device is: cuda
Creating Structured3D Dataset with 250 scenes...
Running Evaluation for scene 3101
Selected device is: cuda
Creating Structured3D Dataset with 250 scenes...
Running Evaluation for scene 3102
Selected device is: cuda
Creating Structured3D Dataset with 250 scenes...
Running Evaluation for scene 3103
Selected device is: cuda
Creating Structured3D Dataset with 250 scenes...
Running Evaluation for scene 3104
Selected device is: cuda
Creating Structured3D Dataset with 250 scenes...
Running Evaluation for scene 3105
Selected device is: cuda
Creating Structured3D Dataset with 250 scenes...
Running Evaluation for scene 3106
Selected device is: cuda
Creating Structured3D Dataset with 250 scenes...
Running Evaluation for scene 3107
Selected device is: cuda
Creating Structured3D Dataset with 250 scenes...
Running Evaluation for scene 3108
Selected device is: cuda
Creating Structured3D Dataset with 250 scenes...
Running Evaluation for scene 3109
Test:  [10/25]  eta: 0:00:11  room_prec: 0.0000 (0.0273)  room_rec: 0.0000 (0.0337)  corner_prec: 0.0000 (0.0097)  corner_rec: 0.0000 (0.0087)  angles_prec: 0.0000 (0.0057)  angles_rec: 0.0000 (0.0053)  loss: 1.0923 (1.0636)  loss_ce: 0.1661 (0.1665)  loss_coords: 0.4555 (0.4465)  loss_raster: 0.4699 (0.4507)  loss_ce_unscaled: 0.0830 (0.0833)  loss_coords_unscaled: 0.0911 (0.0893)  loss_raster_unscaled: 0.4699 (0.4507)  cardinality_error_unscaled: 12.4000 (12.7545)  loss_ce_0_unscaled: 0.6931 (0.6931)  loss_coords_0_unscaled: 0.1558 (0.1551)  loss_raster_0_unscaled: 0.7415 (0.7431)  cardinality_error_0_unscaled: 36.8000 (38.3364)  loss_ce_1_unscaled: 0.6931 (0.6931)  loss_coords_1_unscaled: 0.1212 (0.1213)  loss_raster_1_unscaled: 0.6537 (0.6484)  cardinality_error_1_unscaled: 36.8000 (38.3364)  loss_ce_2_unscaled: 0.6931 (0.6931)  loss_coords_2_unscaled: 0.0980 (0.0978)  loss_raster_2_unscaled: 0.5220 (0.5140)  cardinality_error_2_unscaled: 36.8000 (38.3364)  loss_ce_3_unscaled: 0.6931 (0.6931)  loss_coords_3_unscaled: 0.0922 (0.0897)  loss_raster_3_unscaled: 0.4794 (0.4586)  cardinality_error_3_unscaled: 36.8000 (38.3364)  loss_ce_4_unscaled: 0.6931 (0.6931)  loss_coords_4_unscaled: 0.0912 (0.0891)  loss_raster_4_unscaled: 0.4709 (0.4516)  cardinality_error_4_unscaled: 36.8000 (38.3364)  time: 0.7839  data: 0.0439  max mem: 8650
Selected device is: cuda
Creating Structured3D Dataset with 250 scenes...
Running Evaluation for scene 3110
Selected device is: cuda
Creating Structured3D Dataset with 250 scenes...
Running Evaluation for scene 3111
Selected device is: cuda
Creating Structured3D Dataset with 250 scenes...
Running Evaluation for scene 3112
Selected device is: cuda
Creating Structured3D Dataset with 250 scenes...
Running Evaluation for scene 3113
Selected device is: cuda
Creating Structured3D Dataset with 250 scenes...
Running Evaluation for scene 3114
Selected device is: cuda
Creating Structured3D Dataset with 250 scenes...
Running Evaluation for scene 3115
Selected device is: cuda
Creating Structured3D Dataset with 250 scenes...
Running Evaluation for scene 3116
Selected device is: cuda
Creating Structured3D Dataset with 250 scenes...
Running Evaluation for scene 3117
Selected device is: cuda
Creating Structured3D Dataset with 250 scenes...
Running Evaluation for scene 3118
Selected device is: cuda
Creating Structured3D Dataset with 250 scenes...
Running Evaluation for scene 3119
Selected device is: cuda
Creating Structured3D Dataset with 250 scenes...
Running Evaluation for scene 3120
Selected device is: cuda
Creating Structured3D Dataset with 250 scenes...
Running Evaluation for scene 3121
Selected device is: cuda
Creating Structured3D Dataset with 250 scenes...
Running Evaluation for scene 3122
Selected device is: cuda
Creating Structured3D Dataset with 250 scenes...
Running Evaluation for scene 3123
Selected device is: cuda
Creating Structured3D Dataset with 250 scenes...
Running Evaluation for scene 3124
Selected device is: cuda
Creating Structured3D Dataset with 250 scenes...
Running Evaluation for scene 3125
Selected device is: cuda
Creating Structured3D Dataset with 250 scenes...
Running Evaluation for scene 3126
Selected device is: cuda
Creating Structured3D Dataset with 250 scenes...
Running Evaluation for scene 3127
Selected device is: cuda
Creating Structured3D Dataset with 250 scenes...
Running Evaluation for scene 3128
Selected device is: cuda
Creating Structured3D Dataset with 250 scenes...
Running Evaluation for scene 3129
Selected device is: cuda
Creating Structured3D Dataset with 250 scenes...
Running Evaluation for scene 3130
Selected device is: cuda
Creating Structured3D Dataset with 250 scenes...
Running Evaluation for scene 3131
Selected device is: cuda
Creating Structured3D Dataset with 250 scenes...
Running Evaluation for scene 3132
Selected device is: cuda
Creating Structured3D Dataset with 250 scenes...
Running Evaluation for scene 3133
Selected device is: cuda
Creating Structured3D Dataset with 250 scenes...
Running Evaluation for scene 3134
Selected device is: cuda
Creating Structured3D Dataset with 250 scenes...
Running Evaluation for scene 3135
Selected device is: cuda
Creating Structured3D Dataset with 250 scenes...
Running Evaluation for scene 3136
Selected device is: cuda
Creating Structured3D Dataset with 250 scenes...
Running Evaluation for scene 3137
Selected device is: cuda
Creating Structured3D Dataset with 250 scenes...
Running Evaluation for scene 3138
Selected device is: cuda
Creating Structured3D Dataset with 250 scenes...
Running Evaluation for scene 3139
Selected device is: cuda
Creating Structured3D Dataset with 250 scenes...
Running Evaluation for scene 3140
Selected device is: cuda
Creating Structured3D Dataset with 250 scenes...
Running Evaluation for scene 3141
Selected device is: cuda
Creating Structured3D Dataset with 250 scenes...
Running Evaluation for scene 3142
Selected device is: cuda
Creating Structured3D Dataset with 250 scenes...
Running Evaluation for scene 3143
Selected device is: cuda
Creating Structured3D Dataset with 250 scenes...
Running Evaluation for scene 3144
Selected device is: cuda
Creating Structured3D Dataset with 250 scenes...
Running Evaluation for scene 3145
Selected device is: cuda
Creating Structured3D Dataset with 250 scenes...
Running Evaluation for scene 3146
Selected device is: cuda
Creating Structured3D Dataset with 250 scenes...
Running Evaluation for scene 3147
Selected device is: cuda
Creating Structured3D Dataset with 250 scenes...
Running Evaluation for scene 3148
Selected device is: cuda
Creating Structured3D Dataset with 250 scenes...
Running Evaluation for scene 3149
Selected device is: cuda
Creating Structured3D Dataset with 250 scenes...
Running Evaluation for scene 3150
Selected device is: cuda
Creating Structured3D Dataset with 250 scenes...
Running Evaluation for scene 3151
Selected device is: cuda
Creating Structured3D Dataset with 250 scenes...
Running Evaluation for scene 3152
Selected device is: cuda
Creating Structured3D Dataset with 250 scenes...
Running Evaluation for scene 3153
Selected device is: cuda
Creating Structured3D Dataset with 250 scenes...
Running Evaluation for scene 3154
Selected device is: cuda
Creating Structured3D Dataset with 250 scenes...
Running Evaluation for scene 3155
Selected device is: cuda
Creating Structured3D Dataset with 250 scenes...
Running Evaluation for scene 3157
Selected device is: cuda
Creating Structured3D Dataset with 250 scenes...
Running Evaluation for scene 3158
Selected device is: cuda
Creating Structured3D Dataset with 250 scenes...
Running Evaluation for scene 3159
Selected device is: cuda
Creating Structured3D Dataset with 250 scenes...
Running Evaluation for scene 3160
Selected device is: cuda
Creating Structured3D Dataset with 250 scenes...
Running Evaluation for scene 3161
Selected device is: cuda
Creating Structured3D Dataset with 250 scenes...
Running Evaluation for scene 3162
Selected device is: cuda
Creating Structured3D Dataset with 250 scenes...
Running Evaluation for scene 3163
Selected device is: cuda
Creating Structured3D Dataset with 250 scenes...
Running Evaluation for scene 3164
Selected device is: cuda
Creating Structured3D Dataset with 250 scenes...
Running Evaluation for scene 3165
Selected device is: cuda
Creating Structured3D Dataset with 250 scenes...
Running Evaluation for scene 3166
Selected device is: cuda
Creating Structured3D Dataset with 250 scenes...
Running Evaluation for scene 3167
Selected device is: cuda
Creating Structured3D Dataset with 250 scenes...
Running Evaluation for scene 3168
Selected device is: cuda
Creating Structured3D Dataset with 250 scenes...
Running Evaluation for scene 3169
Selected device is: cuda
Creating Structured3D Dataset with 250 scenes...
Running Evaluation for scene 3170
Selected device is: cuda
Creating Structured3D Dataset with 250 scenes...
Running Evaluation for scene 3171
Selected device is: cuda
Creating Structured3D Dataset with 250 scenes...
Running Evaluation for scene 3172
Selected device is: cuda
Creating Structured3D Dataset with 250 scenes...
Running Evaluation for scene 3173
Selected device is: cuda
Creating Structured3D Dataset with 250 scenes...
Running Evaluation for scene 3174
Selected device is: cuda
Creating Structured3D Dataset with 250 scenes...
Running Evaluation for scene 3175
Selected device is: cuda
Creating Structured3D Dataset with 250 scenes...
Running Evaluation for scene 3176
Selected device is: cuda
Creating Structured3D Dataset with 250 scenes...
Running Evaluation for scene 3177
Selected device is: cuda
Creating Structured3D Dataset with 250 scenes...
Running Evaluation for scene 3178
Selected device is: cuda
Creating Structured3D Dataset with 250 scenes...
Running Evaluation for scene 3179
Selected device is: cuda
Creating Structured3D Dataset with 250 scenes...
Running Evaluation for scene 3180
Selected device is: cuda
Creating Structured3D Dataset with 250 scenes...
Running Evaluation for scene 3181
Selected device is: cuda
Creating Structured3D Dataset with 250 scenes...
Running Evaluation for scene 3182
Selected device is: cuda
Creating Structured3D Dataset with 250 scenes...
Running Evaluation for scene 3183
Selected device is: cuda
Creating Structured3D Dataset with 250 scenes...
Running Evaluation for scene 3184
Selected device is: cuda
Creating Structured3D Dataset with 250 scenes...
Running Evaluation for scene 3185
Selected device is: cuda
Creating Structured3D Dataset with 250 scenes...
Running Evaluation for scene 3186
Selected device is: cuda
Creating Structured3D Dataset with 250 scenes...
Running Evaluation for scene 3187
Selected device is: cuda
Creating Structured3D Dataset with 250 scenes...
Running Evaluation for scene 3188
Selected device is: cuda
Creating Structured3D Dataset with 250 scenes...
Running Evaluation for scene 3189
Selected device is: cuda
Creating Structured3D Dataset with 250 scenes...
Running Evaluation for scene 3190
Selected device is: cuda
Creating Structured3D Dataset with 250 scenes...
Running Evaluation for scene 3191
Selected device is: cuda
Creating Structured3D Dataset with 250 scenes...
Running Evaluation for scene 3193
Selected device is: cuda
Creating Structured3D Dataset with 250 scenes...
Running Evaluation for scene 3194
Selected device is: cuda
Creating Structured3D Dataset with 250 scenes...
Running Evaluation for scene 3195
Selected device is: cuda
Creating Structured3D Dataset with 250 scenes...
Running Evaluation for scene 3196
Selected device is: cuda
Creating Structured3D Dataset with 250 scenes...
Running Evaluation for scene 3197
Selected device is: cuda
Creating Structured3D Dataset with 250 scenes...
Running Evaluation for scene 3199
Selected device is: cuda
Creating Structured3D Dataset with 250 scenes...
Running Evaluation for scene 3200
Selected device is: cuda
Creating Structured3D Dataset with 250 scenes...
Running Evaluation for scene 3201
Selected device is: cuda
Creating Structured3D Dataset with 250 scenes...
Running Evaluation for scene 3202
Selected device is: cuda
Creating Structured3D Dataset with 250 scenes...
Running Evaluation for scene 3203
Selected device is: cuda
Creating Structured3D Dataset with 250 scenes...
Running Evaluation for scene 3204
Selected device is: cuda
Creating Structured3D Dataset with 250 scenes...
Running Evaluation for scene 3205
Selected device is: cuda
Creating Structured3D Dataset with 250 scenes...
Running Evaluation for scene 3206
Selected device is: cuda
Creating Structured3D Dataset with 250 scenes...
Running Evaluation for scene 3207
Selected device is: cuda
Creating Structured3D Dataset with 250 scenes...
Running Evaluation for scene 3208
Selected device is: cuda
Creating Structured3D Dataset with 250 scenes...
Running Evaluation for scene 3209
Selected device is: cuda
Creating Structured3D Dataset with 250 scenes...
Running Evaluation for scene 3210
Selected device is: cuda
Creating Structured3D Dataset with 250 scenes...
Running Evaluation for scene 3211
Selected device is: cuda
Creating Structured3D Dataset with 250 scenes...
Running Evaluation for scene 3212
Test:  [20/25]  eta: 0:00:03  room_prec: 0.0000 (0.0274)  room_rec: 0.0000 (0.0310)  corner_prec: 0.0000 (0.0100)  corner_rec: 0.0000 (0.0084)  angles_prec: 0.0000 (0.0058)  angles_rec: 0.0000 (0.0050)  loss: 1.0923 (1.0959)  loss_ce: 0.1725 (0.1749)  loss_coords: 0.4555 (0.4602)  loss_raster: 0.4608 (0.4609)  loss_ce_unscaled: 0.0862 (0.0874)  loss_coords_unscaled: 0.0911 (0.0920)  loss_raster_unscaled: 0.4608 (0.4609)  cardinality_error_unscaled: 12.8000 (13.9381)  loss_ce_0_unscaled: 0.6931 (0.6931)  loss_coords_0_unscaled: 0.1540 (0.1561)  loss_raster_0_unscaled: 0.7415 (0.7422)  cardinality_error_0_unscaled: 42.6000 (39.8714)  loss_ce_1_unscaled: 0.6931 (0.6931)  loss_coords_1_unscaled: 0.1189 (0.1228)  loss_raster_1_unscaled: 0.6478 (0.6491)  cardinality_error_1_unscaled: 42.6000 (39.8714)  loss_ce_2_unscaled: 0.6931 (0.6931)  loss_coords_2_unscaled: 0.0973 (0.0999)  loss_raster_2_unscaled: 0.5220 (0.5209)  cardinality_error_2_unscaled: 42.6000 (39.8714)  loss_ce_3_unscaled: 0.6931 (0.6931)  loss_coords_3_unscaled: 0.0914 (0.0922)  loss_raster_3_unscaled: 0.4684 (0.4686)  cardinality_error_3_unscaled: 42.6000 (39.8714)  loss_ce_4_unscaled: 0.6931 (0.6931)  loss_coords_4_unscaled: 0.0912 (0.0918)  loss_raster_4_unscaled: 0.4592 (0.4617)  cardinality_error_4_unscaled: 42.6000 (39.8714)  time: 0.7405  data: 0.0015  max mem: 8650
Selected device is: cuda
Creating Structured3D Dataset with 250 scenes...
Running Evaluation for scene 3213
Selected device is: cuda
Creating Structured3D Dataset with 250 scenes...
Running Evaluation for scene 3214
Selected device is: cuda
Creating Structured3D Dataset with 250 scenes...
Running Evaluation for scene 3215
Selected device is: cuda
Creating Structured3D Dataset with 250 scenes...
Running Evaluation for scene 3216
Selected device is: cuda
Creating Structured3D Dataset with 250 scenes...
Running Evaluation for scene 3217
Selected device is: cuda
Creating Structured3D Dataset with 250 scenes...
Running Evaluation for scene 3218
Selected device is: cuda
Creating Structured3D Dataset with 250 scenes...
Running Evaluation for scene 3219
Selected device is: cuda
Creating Structured3D Dataset with 250 scenes...
Running Evaluation for scene 3220
Selected device is: cuda
Creating Structured3D Dataset with 250 scenes...
Running Evaluation for scene 3221
Selected device is: cuda
Creating Structured3D Dataset with 250 scenes...
Running Evaluation for scene 3222
Selected device is: cuda
Creating Structured3D Dataset with 250 scenes...
Running Evaluation for scene 3223
Selected device is: cuda
Creating Structured3D Dataset with 250 scenes...
Running Evaluation for scene 3224
Selected device is: cuda
Creating Structured3D Dataset with 250 scenes...
Running Evaluation for scene 3225
Selected device is: cuda
Creating Structured3D Dataset with 250 scenes...
Running Evaluation for scene 3226
Selected device is: cuda
Creating Structured3D Dataset with 250 scenes...
Running Evaluation for scene 3227
Selected device is: cuda
Creating Structured3D Dataset with 250 scenes...
Running Evaluation for scene 3228
Selected device is: cuda
Creating Structured3D Dataset with 250 scenes...
Running Evaluation for scene 3229
Selected device is: cuda
Creating Structured3D Dataset with 250 scenes...
Running Evaluation for scene 3230
Selected device is: cuda
Creating Structured3D Dataset with 250 scenes...
Running Evaluation for scene 3231
Selected device is: cuda
Creating Structured3D Dataset with 250 scenes...
Running Evaluation for scene 3232
Selected device is: cuda
Creating Structured3D Dataset with 250 scenes...
Running Evaluation for scene 3233
Selected device is: cuda
Creating Structured3D Dataset with 250 scenes...
Running Evaluation for scene 3234
Selected device is: cuda
Creating Structured3D Dataset with 250 scenes...
Running Evaluation for scene 3235
Selected device is: cuda
Creating Structured3D Dataset with 250 scenes...
Running Evaluation for scene 3236
Selected device is: cuda
Creating Structured3D Dataset with 250 scenes...
Running Evaluation for scene 3237
Selected device is: cuda
Creating Structured3D Dataset with 250 scenes...
Running Evaluation for scene 3238
Selected device is: cuda
Creating Structured3D Dataset with 250 scenes...
Running Evaluation for scene 3239
Selected device is: cuda
Creating Structured3D Dataset with 250 scenes...
Running Evaluation for scene 3240
Selected device is: cuda
Creating Structured3D Dataset with 250 scenes...
Running Evaluation for scene 3241
Selected device is: cuda
Creating Structured3D Dataset with 250 scenes...
Running Evaluation for scene 3242
Selected device is: cuda
Creating Structured3D Dataset with 250 scenes...
Running Evaluation for scene 3243
Selected device is: cuda
Creating Structured3D Dataset with 250 scenes...
Running Evaluation for scene 3244
Selected device is: cuda
Creating Structured3D Dataset with 250 scenes...
Running Evaluation for scene 3245
Selected device is: cuda
Creating Structured3D Dataset with 250 scenes...
Running Evaluation for scene 3246
Selected device is: cuda
Creating Structured3D Dataset with 250 scenes...
Running Evaluation for scene 3247
Selected device is: cuda
Creating Structured3D Dataset with 250 scenes...
Running Evaluation for scene 3248
Selected device is: cuda
Creating Structured3D Dataset with 250 scenes...
Running Evaluation for scene 3249
Test:  [24/25]  eta: 0:00:00  room_prec: 0.0000 (0.0329)  room_rec: 0.0000 (0.0376)  corner_prec: 0.0000 (0.0120)  corner_rec: 0.0000 (0.0103)  angles_prec: 0.0000 (0.0070)  angles_rec: 0.0000 (0.0060)  loss: 1.0947 (1.1027)  loss_ce: 0.1723 (0.1741)  loss_coords: 0.4640 (0.4606)  loss_raster: 0.4726 (0.4679)  loss_ce_unscaled: 0.0861 (0.0871)  loss_coords_unscaled: 0.0928 (0.0921)  loss_raster_unscaled: 0.4726 (0.4679)  cardinality_error_unscaled: 14.0000 (13.8886)  loss_ce_0_unscaled: 0.6931 (0.6931)  loss_coords_0_unscaled: 0.1558 (0.1563)  loss_raster_0_unscaled: 0.7449 (0.7449)  cardinality_error_0_unscaled: 40.2000 (39.6543)  loss_ce_1_unscaled: 0.6931 (0.6931)  loss_coords_1_unscaled: 0.1202 (0.1229)  loss_raster_1_unscaled: 0.6537 (0.6509)  cardinality_error_1_unscaled: 40.2000 (39.6543)  loss_ce_2_unscaled: 0.6931 (0.6931)  loss_coords_2_unscaled: 0.0973 (0.1001)  loss_raster_2_unscaled: 0.5291 (0.5256)  cardinality_error_2_unscaled: 40.2000 (39.6543)  loss_ce_3_unscaled: 0.6931 (0.6931)  loss_coords_3_unscaled: 0.0922 (0.0924)  loss_raster_3_unscaled: 0.4803 (0.4754)  cardinality_error_3_unscaled: 40.2000 (39.6543)  loss_ce_4_unscaled: 0.6931 (0.6931)  loss_coords_4_unscaled: 0.0925 (0.0920)  loss_raster_4_unscaled: 0.4742 (0.4688)  cardinality_error_4_unscaled: 40.2000 (39.6543)  time: 0.7225  data: 0.0012  max mem: 8650
Test: Total time: 0:00:18 (0.7477 s / it)
Averaged stats: room_prec: 0.0000 (0.0329)  room_rec: 0.0000 (0.0376)  corner_prec: 0.0000 (0.0120)  corner_rec: 0.0000 (0.0103)  angles_prec: 0.0000 (0.0070)  angles_rec: 0.0000 (0.0060)  loss: 1.0947 (1.1027)  loss_ce: 0.1723 (0.1741)  loss_coords: 0.4640 (0.4606)  loss_raster: 0.4726 (0.4679)  loss_ce_unscaled: 0.0861 (0.0871)  loss_coords_unscaled: 0.0928 (0.0921)  loss_raster_unscaled: 0.4726 (0.4679)  cardinality_error_unscaled: 14.0000 (13.8886)  loss_ce_0_unscaled: 0.6931 (0.6931)  loss_coords_0_unscaled: 0.1558 (0.1563)  loss_raster_0_unscaled: 0.7449 (0.7449)  cardinality_error_0_unscaled: 40.2000 (39.6543)  loss_ce_1_unscaled: 0.6931 (0.6931)  loss_coords_1_unscaled: 0.1202 (0.1229)  loss_raster_1_unscaled: 0.6537 (0.6509)  cardinality_error_1_unscaled: 40.2000 (39.6543)  loss_ce_2_unscaled: 0.6931 (0.6931)  loss_coords_2_unscaled: 0.0973 (0.1001)  loss_raster_2_unscaled: 0.5291 (0.5256)  cardinality_error_2_unscaled: 40.2000 (39.6543)  loss_ce_3_unscaled: 0.6931 (0.6931)  loss_coords_3_unscaled: 0.0922 (0.0924)  loss_raster_3_unscaled: 0.4803 (0.4754)  cardinality_error_3_unscaled: 40.2000 (39.6543)  loss_ce_4_unscaled: 0.6931 (0.6931)  loss_coords_4_unscaled: 0.0925 (0.0920)  loss_raster_4_unscaled: 0.4742 (0.4688)  cardinality_error_4_unscaled: 40.2000 (39.6543)
Training time 0:07:20
[1;34mwandb[0m: 
[1;34mwandb[0m: 🚀 View run [33mdivine-dust-17[0m at: [34mhttps://wandb.ai/hai-chu-tampere-university/RoomFormer/runs/14gaaowm[0m
[1;34mwandb[0m: Find logs at: [1;35mwandb/run-20260706_112357-14gaaowm/logs[0m
